OrganizationIdentifier,OrganizationFormalName,ActivityIdentifier,ActivityStartDate,ActivityStartTime/Time,ActivityStartTime/TimeZoneCode,MonitoringLocationIdentifier,ResultIdentifier,DataLoggerLine,ResultDetectionConditionText,MethodSpecificationName,CharacteristicName,ResultSampleFractionText,ResultMeasureValue,ResultMeasure/MeasureUnitCode,MeasureQualifierCode,ResultStatusIdentifier,StatisticalBaseCode,ResultValueTypeName,ResultWeightBasisText,ResultTimeBasisText,ResultTemperatureBasisText,ResultParticleSizeBasisText,PrecisionValue,DataQuality/BiasValue,ConfidenceIntervalValue,UpperConfidenceLimitValue,LowerConfidenceLimitValue,ResultCommentText,USGSPCode,ResultDepthHeightMeasure/MeasureValue,ResultDepthHeightMeasure/MeasureUnitCode,ResultDepthAltitudeReferencePointText,ResultSamplingPointName,BiologicalIntentName,BiologicalIndividualIdentifier,SubjectTaxonomicName,UnidentifiedSpeciesIdentifier,SampleTissueAnatomyName,GroupSummaryCountWeight/MeasureValue,GroupSummaryCountWeight/MeasureUnitCode,CellFormName,CellShapeName,HabitName,VoltismName,TaxonomicPollutionTolerance,TaxonomicPollutionToleranceScaleText,TrophicLevelName,FunctionalFeedingGroupName,TaxonomicDetailsCitation/ResourceTitleName,TaxonomicDetailsCitation/ResourceCreatorName,TaxonomicDetailsCitation/ResourceSubjectText,TaxonomicDetailsCitation/ResourcePublisherName,TaxonomicDetailsCitation/ResourceDate,TaxonomicDetailsCitation/ResourceIdentifier,FrequencyClassInformationUrl,ResultAnalyticalMethod/MethodIdentifier,ResultAnalyticalMethod/MethodIdentifierContext,ResultAnalyticalMethod/MethodName,ResultAnalyticalMethod/MethodUrl,ResultAnalyticalMethod/MethodQualifierTypeName,MethodDescriptionText,LaboratoryName,AnalysisStartDate,AnalysisStartTime/Time,AnalysisStartTime/TimeZoneCode,AnalysisEndDate,AnalysisEndTime/Time,AnalysisEndTime/TimeZoneCode,ResultLaboratoryCommentCode,ResultLaboratoryCommentText,ResultDetectionQuantitationLimitUrl,LaboratoryAccreditationIndicator,LaboratoryAccreditationAuthorityName,TaxonomistAccreditationIndicator,TaxonomistAccreditationAuthorityName,LabSamplePreparationUrl,ProviderName
MDE_FIELDSERVICES_WQX,Maryland Dept. of the Environment In House Water Data,MDE_FIELDSERVICES_WQX-VEC0014:202509090956:FM:0.1,2025-09-09,09:56:00,EDT,MDE_FIELDSERVICES_WQX-VEC0014,STORET-1122073506,,,,pH,,6.7,None,,Final,,Actual,,,,,,,,,,,,,,,,,,,,,,,,,,,,,,,,,,,,,,4500-H+B,APHA,"4500 H+B ~ pH in Water by Potentiometry, pH Value in Water by Potentiometry Using a Standard Hydrogen Electrode",,,https://www.nemi.gov/methods/method_summary/4707/,,,,,,,,,,,,,,,,STORET
MDE_FIELDSERVICES_WQX,Maryland Dept. of the Environment In House Water Data,MDE_FIELDSERVICES_WQX-UEG0001:202509231036:FM:0.1,2025-09-23,10:36:00,EDT,MDE_FIELDSERVICES_WQX-UEG0001,STORET-1125153350,,,,pH,,7.4,None,,Final,,Actual,,,,,,,,,,,,,,,,,,,,,,,,,,,,,,,,,,,,,,4500-H+B,APHA,"4500 H+B ~ pH in Water by Potentiometry, pH Value in Water by Potentiometry Using a Standard Hydrogen Electrode",,,https://www.nemi.gov/methods/method_summary/4707/,,,,,,,,,,,,,,,,STORET
DOEE,District Of Columbia Department Of Energy And Environment-water Quality Division  (State),DOEE-TPI01_250915_0.1,2025-09-15,10:39:00,EST,DOEE-TPI01,STORET-1121485654,,,,"Temperature, water",None,19.23,deg C,,Final,,Actual,,,,,,,,,,,,,,,,,,,,,,,,,,,,,,,,,,,,,,,,,,,,,,,,,,,,,,,,,,,STORET
MDE_FIELDSERVICES_WQX,Maryland Dept. of the Environment In House Water Data,MDE_FIELDSERVICES_WQX-UEG0001:202509231036:FM:0.1,2025-09-23,10:36:00,EDT,MDE_FIELDSERVICES_WQX-UEG0001,STORET-1125153353,,,,"Temperature, water",,20.3,deg C,,Final,,Actual,,,,,,,,,,,,,,,,,,,,,,,,,,,,,,,,,,,,,,2550 B,APHA,"2550 B ~ Temperature of Water, Laboratory and Field Methods",,,https://www.nemi.gov/methods/method_summary/9829/,,,,,,,,,,,,,,,,STORET
MDE_FIELDSERVICES_WQX,Maryland Dept. of the Environment In House Water Data,MDE_FIELDSERVICES_WQX-GBL0010:202509251350:FM:0.1,2025-09-25,13:50:00,EDT,MDE_FIELDSERVICES_WQX-GBL0010,STORET-1125164488,,,,"Temperature, water",,23.9,deg C,,Final,,Actual,,,,,,,,,,,,,,,,,,,,,,,,,,,,,,,,,,,,,,2550 B,APHA,"2550 B ~ Temperature of Water, Laboratory and Field Methods",,,https://www.nemi.gov/methods/method_summary/9829/,,,,,,,,,,,,,,,,STORET
MDE_FIELDSERVICES_WQX,Maryland Dept. of the Environment In House Water Data,MDE_FIELDSERVICES_WQX-VEC0014:202509251105:FM:0.1,2025-09-25,11:05:00,EDT,MDE_FIELDSERVICES_WQX-VEC0014,STORET-1122072611,,,,pH,,6.7,None,,Final,,Actual,,,,,,,,,,,,,,,,,,,,,,,,,,,,,,,,,,,,,,4500-H+B,APHA,"4500 H+B ~ pH in Water by Potentiometry, pH Value in Water by Potentiometry Using a Standard Hydrogen Electrode",,,https://www.nemi.gov/methods/method_summary/4707/,,,,,,,,,,,,,,,,STORET
MDE_FIELDSERVICES_WQX,Maryland Dept. of the Environment In House Water Data,MDE_FIELDSERVICES_WQX-NLO0008:202509091105:FM:0.1,2025-09-09,11:05:00,EDT,MDE_FIELDSERVICES_WQX-NLO0008,STORET-1122072229,,,,pH,,7.3,None,,Final,,Actual,,,,,,,,,,,,,,,,,,,,,,,,,,,,,,,,,,,,,,4500-H+B,APHA,"4500 H+B ~ pH in Water by Potentiometry, pH Value in Water by Potentiometry Using a Standard Hydrogen Electrode",,,https://www.nemi.gov/methods/method_summary/4707/,,,,,,,,,,,,,,,,STORET
DOEE,District Of Columbia Department Of Energy And Environment-water Quality Division  (State),DOEE-RCR01_250922_0.1,2025-09-22,10:38:00,EST,DOEE-RCR01,STORET-1121486141,,,,"Temperature, water",None,19.91,deg C,,Final,,Actual,,,,,,,,,,,,,,,,,,,,,,,,,,,,,,,,,,,,,,,,,,,,,,,,,,,,,,,,,,,STORET
MDE_FIELDSERVICES_WQX,Maryland Dept. of the Environment In House Water Data,MDE_FIELDSERVICES_WQX-UEG0005:202509231210:FM:0.1,2025-09-23,12:10:00,EDT,MDE_FIELDSERVICES_WQX-UEG0005,STORET-1122072352,,,,"Temperature, water",,22.9,deg C,,Final,,Actual,,,,,,,,,,,,,,,,,,,,,,,,,,,,,,,,,,,,,,2550 B,APHA,"2550 B ~ Temperature of Water, Laboratory and Field Methods",,,https://www.nemi.gov/methods/method_summary/9829/,,,,,,,,,,,,,,,,STORET
MDE_FIELDSERVICES_WQX,Maryland Dept. of the Environment In House Water Data,MDE_FIELDSERVICES_WQX-VEC0021:202509090900:FM:0.1,2025-09-09,09:00:00,EDT,MDE_FIELDSERVICES_WQX-VEC0021,STORET-1122071166,,,,pH,,7.1,None,,Final,,Actual,,,,,,,,,,,,,,,,,,,,,,,,,,,,,,,,,,,,,,4500-H+B,APHA,"4500 H+B ~ pH in Water by Potentiometry, pH Value in Water by Potentiometry Using a Standard Hydrogen Electrode",,,https://www.nemi.gov/methods/method_summary/4707/,,,,,,,,,,,,,,,,STORET
MDE_FIELDSERVICES_WQX,Maryland Dept. of the Environment In House Water Data,MDE_FIELDSERVICES_WQX-GBL0016:202509081150:FM:0.1,2025-09-08,11:50:00,EDT,MDE_FIELDSERVICES_WQX-GBL0016,STORET-1122072141,,,,pH,,7.6,None,,Final,,Actual,,,,,,,,,,,,,,,,,,,,,,,,,,,,,,,,,,,,,,4500-H+B,APHA,"4500 H+B ~ pH in Water by Potentiometry, pH Value in Water by Potentiometry Using a Standard Hydrogen Electrode",,,https://www.nemi.gov/methods/method_summary/4707/,,,,,,,,,,,,,,,,STORET
MDE_FIELDSERVICES_WQX,Maryland Dept. of the Environment In House Water Data,MDE_FIELDSERVICES_WQX-GBL0016:202509081150:FM:0.1,2025-09-08,11:50:00,EDT,MDE_FIELDSERVICES_WQX-GBL0016,STORET-1122072140,,,,"Temperature, water",,17.9,deg C,,Final,,Actual,,,,,,,,,,,,,,,,,,,,,,,,,,,,,,,,,,,,,,2550 B,APHA,"2550 B ~ Temperature of Water, Laboratory and Field Methods",,,https://www.nemi.gov/methods/method_summary/9829/,,,,,,,,,,,,,,,,STORET
MDE_FIELDSERVICES_WQX,Maryland Dept. of the Environment In House Water Data,MDE_FIELDSERVICES_WQX-GBT0002:202509251300:FM:0.1,2025-09-25,13:00:00,EDT,MDE_FIELDSERVICES_WQX-GBT0002,STORET-1122073793,,,,pH,,7.2,None,,Final,,Actual,,,,,,,,,,,,,,,,,,,,,,,,,,,,,,,,,,,,,,4500-H+B,APHA,"4500 H+B ~ pH in Water by Potentiometry, pH Value in Water by Potentiometry Using a Standard Hydrogen Electrode",,,https://www.nemi.gov/methods/method_summary/4707/,,,,,,,,,,,,,,,,STORET
MDE_FIELDSERVICES_WQX,Maryland Dept. of the Environment In House Water Data,MDE_FIELDSERVICES_WQX-GBL0010:202509081310:FM:0.1,2025-09-08,13:10:00,EDT,MDE_FIELDSERVICES_WQX-GBL0010,STORET-1125164155,,,,pH,,9.2,None,,Final,,Actual,,,,,,,,,,,,,,,,,,,,,,,,,,,,,,,,,,,,,,4500-H+B,APHA,"4500 H+B ~ pH in Water by Potentiometry, pH Value in Water by Potentiometry Using a Standard Hydrogen Electrode",,,https://www.nemi.gov/methods/method_summary/4707/,,,,,,,,,,,,,,,,STORET
DOEE,District Of Columbia Department Of Energy And Environment-water Quality Division  (State),DOEE-RCR09_250909_0.1,2025-09-09,10:24:00,EST,DOEE-RCR09,STORET-1121485523,,,,"Temperature, water",None,17.75,deg C,,Final,,Actual,,,,,,,,,,,,,,,,,,,,,,,,,,,,,,,,,,,,,,,,,,,,,,,,,,,,,,,,,,,STORET
MDE_FIELDSERVICES_WQX,Maryland Dept. of the Environment In House Water Data,MDE_FIELDSERVICES_WQX-GBL0010:202509081310:FM:0.1,2025-09-08,13:10:00,EDT,MDE_FIELDSERVICES_WQX-GBL0010,STORET-1122073461,,,,"Temperature, water",,25.5,deg C,,Final,,Actual,,,,,,,,,,,,,,,,,,,,,,,,,,,,,,,,,,,,,,2550 B,APHA,"2550 B ~ Temperature of Water, Laboratory and Field Methods",,,https://www.nemi.gov/methods/method_summary/9829/,,,,,,,,,,,,,,,,STORET
DOEE,District Of Columbia Department Of Energy And Environment-water Quality Division  (State),DOEE-TPY01_250915_0.1,2025-09-15,10:07:00,EST,DOEE-TPY01,STORET-1121485584,,,,"Temperature, water",None,20.01,deg C,,Final,,Actual,,,,,,,,,,,,,,,,,,,,,,,,,,,,,,,,,,,,,,,,,,,,,,,,,,,,,,,,,,,STORET
MDE_FIELDSERVICES_WQX,Maryland Dept. of the Environment In House Water Data,MDE_FIELDSERVICES_WQX-NLO0008:202509091105:FM:0.1,2025-09-09,11:05:00,EDT,MDE_FIELDSERVICES_WQX-NLO0008,STORET-1125153164,,,,pH,,7.3,None,,Final,,Actual,,,,,,,,,,,,,,,,,,,,,,,,,,,,,,,,,,,,,,4500-H+B,APHA,"4500 H+B ~ pH in Water by Potentiometry, pH Value in Water by Potentiometry Using a Standard Hydrogen Electrode",,,https://www.nemi.gov/methods/method_summary/4707/,,,,,,,,,,,,,,,,STORET
DOEE,District Of Columbia Department Of Energy And Environment-water Quality Division  (State),DOEE-TKV01_250915_0.1,2025-09-15,10:00:00,EST,DOEE-TKV01,STORET-1121485573,,,,pH,None,7.35,None,,Final,,Actual,,,,,,,,,,,,,,,,,,,,,,,,,,,,,,,,,,,,,,,,,,,,,,,,,,,,,,,,,,,STORET
DOEE,District Of Columbia Department Of Energy And Environment-water Quality Division  (State),DOEE-RCR09_250915_0.1,2025-09-15,09:50:00,EST,DOEE-RCR09,STORET-1121485548,,,,pH,None,7.64,None,,Final,,Actual,,,,,,,,,,,,,,,,,,,,,,,,,,,,,,,,,,,,,,,,,,,,,,,,,,,,,,,,,,,STORET
DOEE,District Of Columbia Department Of Energy And Environment-water Quality Division  (State),DOEE-TNA01_250916_0.1,2025-09-16,11:25:00,EST,DOEE-TNA01,STORET-1121485898,,,,"Temperature, water",None,20.94,deg C,,Final,,Actual,,,,,,,,,,,,,,,,,,,,,,,,,,,,,,,,,,,,,,,,,,,,,,,,,,,,,,,,,,,STORET
DOEE,District Of Columbia Department Of Energy And Environment-water Quality Division  (State),DOEE-TWB05_250916_0.1,2025-09-16,10:49:00,EST,DOEE-TWB05,STORET-1121485840,,,,"Temperature, water",None,19.57,deg C,,Final,,Actual,,,,,,,,,,,,,,,,,,,,,,,,,,,,,,,,,,,,,,,,,,,,,,,,,,,,,,,,,,,STORET
DOEE,District Of Columbia Department Of Energy And Environment-water Quality Division  (State),DOEE-TPB01_250916_0.1,2025-09-16,10:47:00,EST,DOEE-TPB01,STORET-1121485830,,,,pH,None,7.18,None,,Final,,Actual,,,,,,,,,,,,,,,,,,,,,,,,,,,,,,,,,,,,,,,,,,,,,,,,,,,,,,,,,,,STORET
MDE_FIELDSERVICES_WQX,Maryland Dept. of the Environment In House Water Data,MDE_FIELDSERVICES_WQX-UEG0011:202509100950:FM:0.1,2025-09-10,09:50:00,EDT,MDE_FIELDSERVICES_WQX-UEG0011,STORET-1122072293,,,,"Temperature, water",,17.5,deg C,,Final,,Actual,,,,,,,,,,,,,,,,,,,,,,,,,,,,,,,,,,,,,,2550 B,APHA,"2550 B ~ Temperature of Water, Laboratory and Field Methods",,,https://www.nemi.gov/methods/method_summary/9829/,,,,,,,,,,,,,,,,STORET
MDE_FIELDSERVICES_WQX,Maryland Dept. of the Environment In House Water Data,MDE_FIELDSERVICES_WQX-GBL0010:202509251350:FM:0.1,2025-09-25,13:50:00,EDT,MDE_FIELDSERVICES_WQX-GBL0010,STORET-1125164485,,,,pH,,8.3,None,,Final,,Actual,,,,,,,,,,,,,,,,,,,,,,,,,,,,,,,,,,,,,,4500-H+B,APHA,"4500 H+B ~ pH in Water by Potentiometry, pH Value in Water by Potentiometry Using a Standard Hydrogen Electrode",,,https://www.nemi.gov/methods/method_summary/4707/,,,,,,,,,,,,,,,,STORET
MDE_FIELDSERVICES_WQX,Maryland Dept. of the Environment In House Water Data,MDE_FIELDSERVICES_WQX-GBL0016:202509081150:FM:0.1,2025-09-08,11:50:00,EDT,MDE_FIELDSERVICES_WQX-GBL0016,STORET-1125153107,,,,"Temperature, water",,17.9,deg C,,Final,,Actual,,,,,,,,,,,,,,,,,,,,,,,,,,,,,,,,,,,,,,2550 B,APHA,"2550 B ~ Temperature of Water, Laboratory and Field Methods",,,https://www.nemi.gov/methods/method_summary/9829/,,,,,,,,,,,,,,,,STORET
MDEDAT05_WQX,Maryland Department of Natural Resources,MDEDAT05_WQX-NBP0023:20250904104100:SR,2025-09-04,10:41:00,EDT,MDEDAT05_WQX-NBP0023,STORET-1126490994,,,,"Temperature, water",,20.3,deg C,,Final,,Actual,,,,,,,,,,,,,,,,,,,,,,,,,,,,,,,,,,,,,,Unknown,MDEDAT05_WQX,Unknown,,,,,,,,,,,,,,,,,,,STORET
MDE_FIELDSERVICES_WQX,Maryland Dept. of the Environment In House Water Data,MDE_FIELDSERVICES_WQX-VEC0014:202509251105:FM:0.1,2025-09-25,11:05:00,EDT,MDE_FIELDSERVICES_WQX-VEC0014,STORET-1122072609,,,,"Temperature, water",,21.9,deg C,,Final,,Actual,,,,,,,,,,,,,,,,,,,,,,,,,,,,,,,,,,,,,,2550 B,APHA,"2550 B ~ Temperature of Water, Laboratory and Field Methods",,,https://www.nemi.gov/methods/method_summary/9829/,,,,,,,,,,,,,,,,STORET
DOEE,District Of Columbia Department Of Energy And Environment-water Quality Division  (State),DOEE-TFD01_250916_0.1,2025-09-16,10:33:00,EST,DOEE-TFD01,STORET-1121485819,,,,pH,None,7.27,None,,Final,,Actual,,,,,,,,,,,,,,,,,,,,,,,,,,,,,,,,,,,,,,,,,,,,,,,,,,,,,,,,,,,STORET
MDE_FIELDSERVICES_WQX,Maryland Dept. of the Environment In House Water Data,MDE_FIELDSERVICES_WQX-GBL0016:202509081150:FM:0.1,2025-09-08,11:50:00,EDT,MDE_FIELDSERVICES_WQX-GBL0016,STORET-1125153104,,,,pH,,7.6,None,,Final,,Actual,,,,,,,,,,,,,,,,,,,,,,,,,,,,,,,,,,,,,,4500-H+B,APHA,"4500 H+B ~ pH in Water by Potentiometry, pH Value in Water by Potentiometry Using a Standard Hydrogen Electrode",,,https://www.nemi.gov/methods/method_summary/4707/,,,,,,,,,,,,,,,,STORET
DOEE,District Of Columbia Department Of Energy And Environment-water Quality Division  (State),DOEE-TBR01_250915_0.1,2025-09-15,10:24:00,EST,DOEE-TBR01,STORET-1121485619,,,,"Temperature, water",None,19.41,deg C,,Final,,Actual,,,,,,,,,,,,,,,,,,,,,,,,,,,,,,,,,,,,,,,,,,,,,,,,,,,,,,,,,,,STORET
21PA_WQX,PA DEPARTMENT OF ENVIRONMENTAL PROTECTION,21PA_WQX-2687451,2025-09-09,12:00:00,EST,21PA_WQX-WQN0263,STORET-1122724345,,,,"Temperature, water",,18.96,deg C,,Final,,Actual,,,,,,,,,,,,,,,,,,,,,,,,,,,,,,,,,,,,,,F00010,21PA_WQX,Temp,,Final,,,2025-09-09,,,,,,,,,,,,,,STORET
MDE_FIELDSERVICES_WQX,Maryland Dept. of the Environment In House Water Data,MDE_FIELDSERVICES_WQX-GBL0010:202509251350:FM:0.1,2025-09-25,13:50:00,EDT,MDE_FIELDSERVICES_WQX-GBL0010,STORET-1122073786,,,,"Temperature, water",,23.9,deg C,,Final,,Actual,,,,,,,,,,,,,,,,,,,,,,,,,,,,,,,,,,,,,,2550 B,APHA,"2550 B ~ Temperature of Water, Laboratory and Field Methods",,,https://www.nemi.gov/methods/method_summary/9829/,,,,,,,,,,,,,,,,STORET
DOEE,District Of Columbia Department Of Energy And Environment-water Quality Division  (State),DOEE-TPB01_250916_0.1,2025-09-16,10:47:00,EST,DOEE-TPB01,STORET-1121485829,,,,"Temperature, water",None,19.34,deg C,,Final,,Actual,,,,,,,,,,,,,,,,,,,,,,,,,,,,,,,,,,,,,,,,,,,,,,,,,,,,,,,,,,,STORET
MDE_FIELDSERVICES_WQX,Maryland Dept. of the Environment In House Water Data,MDE_FIELDSERVICES_WQX-UEG0011:202509231230:FM:0.1,2025-09-23,12:30:00,EDT,MDE_FIELDSERVICES_WQX-UEG0011,STORET-1125153319,,,,"Temperature, water",,19.5,deg C,,Final,,Actual,,,,,,,,,,,,,,,,,,,,,,,,,,,,,,,,,,,,,,2550 B,APHA,"2550 B ~ Temperature of Water, Laboratory and Field Methods",,,https://www.nemi.gov/methods/method_summary/9829/,,,,,,,,,,,,,,,,STORET
MDE_FIELDSERVICES_WQX,Maryland Dept. of the Environment In House Water Data,MDE_FIELDSERVICES_WQX-VEC0021:202509251030:FM:0.1,2025-09-25,10:30:00,EDT,MDE_FIELDSERVICES_WQX-VEC0021,STORET-1122072615,,,,"Temperature, water",,21.9,deg C,,Final,,Actual,,,,,,,,,,,,,,,,,,,,,,,,,,,,,,,,,,,,,,2550 B,APHA,"2550 B ~ Temperature of Water, Laboratory and Field Methods",,,https://www.nemi.gov/methods/method_summary/9829/,,,,,,,,,,,,,,,,STORET
DOEE,District Of Columbia Department Of Energy And Environment-water Quality Division  (State),DOEE-TFC01_250916_0.1,2025-09-16,11:11:00,EST,DOEE-TFC01,STORET-1121485875,,,,"Temperature, water",None,19.43,deg C,,Final,,Actual,,,,,,,,,,,,,,,,,,,,,,,,,,,,,,,,,,,,,,,,,,,,,,,,,,,,,,,,,,,STORET
MDE_FIELDSERVICES_WQX,Maryland Dept. of the Environment In House Water Data,MDE_FIELDSERVICES_WQX-UEG0011:202509100950:FM:0.1,2025-09-10,09:50:00,EDT,MDE_FIELDSERVICES_WQX-UEG0011,STORET-1125153233,,,,"Temperature, water",,17.5,deg C,,Final,,Actual,,,,,,,,,,,,,,,,,,,,,,,,,,,,,,,,,,,,,,2550 B,APHA,"2550 B ~ Temperature of Water, Laboratory and Field Methods",,,https://www.nemi.gov/methods/method_summary/9829/,,,,,,,,,,,,,,,,STORET
DOEE,District Of Columbia Department Of Energy And Environment-water Quality Division  (State),DOEE-TOR01_250916_0.1,2025-09-16,09:47:00,EST,DOEE-TOR01,STORET-1121485758,,,,pH,None,7.93,None,,Final,,Actual,,,,,,,,,,,,,,,,,,,,,,,,,,,,,,,,,,,,,,,,,,,,,,,,,,,,,,,,,,,STORET
MDE_FIELDSERVICES_WQX,Maryland Dept. of the Environment In House Water Data,MDE_FIELDSERVICES_WQX-UEG0011:202509100950:FM:0.1,2025-09-10,09:50:00,EDT,MDE_FIELDSERVICES_WQX-UEG0011,STORET-1122072289,,,,pH,,7.1,None,,Final,,Actual,,,,,,,,,,,,,,,,,,,,,,,,,,,,,,,,,,,,,,4500-H+B,APHA,"4500 H+B ~ pH in Water by Potentiometry, pH Value in Water by Potentiometry Using a Standard Hydrogen Electrode",,,https://www.nemi.gov/methods/method_summary/4707/,,,,,,,,,,,,,,,,STORET
MDE_FIELDSERVICES_WQX,Maryland Dept. of the Environment In House Water Data,MDE_FIELDSERVICES_WQX-UEG0005:202509231210:FM:0.1,2025-09-23,12:10:00,EDT,MDE_FIELDSERVICES_WQX-UEG0005,STORET-1125153305,,,,pH,,7.4,None,,Final,,Actual,,,,,,,,,,,,,,,,,,,,,,,,,,,,,,,,,,,,,,4500-H+B,APHA,"4500 H+B ~ pH in Water by Potentiometry, pH Value in Water by Potentiometry Using a Standard Hydrogen Electrode",,,https://www.nemi.gov/methods/method_summary/4707/,,,,,,,,,,,,,,,,STORET
MDE_FIELDSERVICES_WQX,Maryland Dept. of the Environment In House Water Data,MDE_FIELDSERVICES_WQX-LPR0020:202509091030:FM:0.1,2025-09-09,10:30:00,EDT,MDE_FIELDSERVICES_WQX-LPR0020,STORET-1125153153,,,,pH,,9.2,None,,Final,,Actual,,,,,,,,,,,,,,,,,,,,,,,,,,,,,,,,,,,,,,4500-H+B,APHA,"4500 H+B ~ pH in Water by Potentiometry, pH Value in Water by Potentiometry Using a Standard Hydrogen Electrode",,,https://www.nemi.gov/methods/method_summary/4707/,,,,,,,,,,,,,,,,STORET
DOEE,District Of Columbia Department Of Energy And Environment-water Quality Division  (State),DOEE-TFB02_250915_0.1,2025-09-15,11:04:00,EST,DOEE-TFB02,STORET-1121485695,,,,pH,None,6.85,None,,Final,,Actual,,,,,,,,,,,,,,,,,,,,,,,,,,,,,,,,,,,,,,,,,,,,,,,,,,,,,,,,,,,STORET
MDE_FIELDSERVICES_WQX,Maryland Dept. of the Environment In House Water Data,MDE_FIELDSERVICES_WQX-UEG0011:202509231230:FM:0.1,2025-09-23,12:30:00,EDT,MDE_FIELDSERVICES_WQX-UEG0011,STORET-1122072365,,,,pH,,7.2,None,,Final,,Actual,,,,,,,,,,,,,,,,,,,,,,,,,,,,,,,,,,,,,,4500-H+B,APHA,"4500 H+B ~ pH in Water by Potentiometry, pH Value in Water by Potentiometry Using a Standard Hydrogen Electrode",,,https://www.nemi.gov/methods/method_summary/4707/,,,,,,,,,,,,,,,,STORET
DOEE,District Of Columbia Department Of Energy And Environment-water Quality Division  (State),DOEE-RCR09_250915_0.1,2025-09-15,09:50:00,EST,DOEE-RCR09,STORET-1121485547,,,,"Temperature, water",None,20.4,deg C,,Final,,Actual,,,,,,,,,,,,,,,,,,,,,,,,,,,,,,,,,,,,,,,,,,,,,,,,,,,,,,,,,,,STORET
MDE_FIELDSERVICES_WQX,Maryland Dept. of the Environment In House Water Data,MDE_FIELDSERVICES_WQX-NLO0008:202509241055:FM:0.1,2025-09-24,10:55:00,EDT,MDE_FIELDSERVICES_WQX-NLO0008,STORET-1122071701,,,,pH,,7.1,None,,Final,,Actual,,,,,,,,,,,,,,,,,,,,,,,,,,,,,,,,,,,,,,4500-H+B,APHA,"4500 H+B ~ pH in Water by Potentiometry, pH Value in Water by Potentiometry Using a Standard Hydrogen Electrode",,,https://www.nemi.gov/methods/method_summary/4707/,,,,,,,,,,,,,,,,STORET
DOEE,District Of Columbia Department Of Energy And Environment-water Quality Division  (State),DOEE-TFS01_250916_0.1,2025-09-16,10:13:00,EST,DOEE-TFS01,STORET-1121485782,,,,"Temperature, water",None,18.99,deg C,,Final,,Actual,,,,,,,,,,,,,,,,,,,,,,,,,,,,,,,,,,,,,,,,,,,,,,,,,,,,,,,,,,,STORET
MDE_FIELDSERVICES_WQX,Maryland Dept. of the Environment In House Water Data,MDE_FIELDSERVICES_WQX-UEG0001:202509231036:FM:0.1,2025-09-23,10:36:00,EDT,MDE_FIELDSERVICES_WQX-UEG0001,STORET-1122072392,,,,"Temperature, water",,20.3,deg C,,Final,,Actual,,,,,,,,,,,,,,,,,,,,,,,,,,,,,,,,,,,,,,2550 B,APHA,"2550 B ~ Temperature of Water, Laboratory and Field Methods",,,https://www.nemi.gov/methods/method_summary/9829/,,,,,,,,,,,,,,,,STORET
DOEE,District Of Columbia Department Of Energy And Environment-water Quality Division  (State),DOEE-RCR01_250909_0.1,2025-09-09,10:54:00,EST,DOEE-RCR01,STORET-1121485535,,,,"Temperature, water",None,18.35,deg C,,Final,,Actual,,,,,,,,,,,,,,,,,,,,,,,,,,,,,,,,,,,,,,,,,,,,,,,,,,,,,,,,,,,STORET
DOEE,District Of Columbia Department Of Energy And Environment-water Quality Division  (State),DOEE-TBK01_250915_0.1,2025-09-15,11:04:00,EST,DOEE-TBK01,STORET-1121485683,,,,"Temperature, water",None,19.35,deg C,,Final,,Actual,,,,,,,,,,,,,,,,,,,,,,,,,,,,,,,,,,,,,,,,,,,,,,,,,,,,,,,,,,,STORET
MDE_FIELDSERVICES_WQX,Maryland Dept. of the Environment In House Water Data,MDE_FIELDSERVICES_WQX-UEG0005:202509101010:FM:0.1,2025-09-10,10:10:00,EDT,MDE_FIELDSERVICES_WQX-UEG0005,STORET-1125153222,,,,"Temperature, water",,20.1,deg C,,Final,,Actual,,,,,,,,,,,,,,,,,,,,,,,,,,,,,,,,,,,,,,2550 B,APHA,"2550 B ~ Temperature of Water, Laboratory and Field Methods",,,https://www.nemi.gov/methods/method_summary/9829/,,,,,,,,,,,,,,,,STORET
MDE_FIELDSERVICES_WQX,Maryland Dept. of the Environment In House Water Data,MDE_FIELDSERVICES_WQX-UEG0001:202509101030:FM:0.1,2025-09-10,10:30:00,EDT,MDE_FIELDSERVICES_WQX-UEG0001,STORET-1125143409,,,,pH,,7.3,None,,Final,,Actual,,,,,,,,,,,,,,,,,,,,,,,,,,,,,,,,,,,,,,4500-H+B,APHA,"4500 H+B ~ pH in Water by Potentiometry, pH Value in Water by Potentiometry Using a Standard Hydrogen Electrode",,,https://www.nemi.gov/methods/method_summary/4707/,,,,,,,,,,,,,,,,STORET
MDE_FIELDSERVICES_WQX,Maryland Dept. of the Environment In House Water Data,MDE_FIELDSERVICES_WQX-LXT0252:202509101100:FM:0.1,2025-09-10,11:00:00,EDT,MDE_FIELDSERVICES_WQX-LXT0252,STORET-1122071275,,,,"Temperature, water",,20.9,deg C,,Final,,Actual,,,,,,,,,,,,,,,,,,,,,,,,,,,,,,,,,,,,,,2550 B,APHA,"2550 B ~ Temperature of Water, Laboratory and Field Methods",,,https://www.nemi.gov/methods/method_summary/9829/,,,,,,,,,,,,,,,,STORET
MDE_FIELDSERVICES_WQX,Maryland Dept. of the Environment In House Water Data,MDE_FIELDSERVICES_WQX-UEG0011:202509231230:FM:0.1,2025-09-23,12:30:00,EDT,MDE_FIELDSERVICES_WQX-UEG0011,STORET-1125153316,,,,pH,,7.2,None,,Final,,Actual,,,,,,,,,,,,,,,,,,,,,,,,,,,,,,,,,,,,,,4500-H+B,APHA,"4500 H+B ~ pH in Water by Potentiometry, pH Value in Water by Potentiometry Using a Standard Hydrogen Electrode",,,https://www.nemi.gov/methods/method_summary/4707/,,,,,,,,,,,,,,,,STORET
DOEE,District Of Columbia Department Of Energy And Environment-water Quality Division  (State),DOEE-TDA01_250915_0.1,2025-09-15,10:39:00,EST,DOEE-TDA01,STORET-1121485643,,,,"Temperature, water",None,20.15,deg C,,Final,,Actual,,,,,,,,,,,,,,,,,,,,,,,,,,,,,,,,,,,,,,,,,,,,,,,,,,,,,,,,,,,STORET
DOEE,District Of Columbia Department Of Energy And Environment-water Quality Division  (State),DOEE-TDO01_250915_0.1,2025-09-15,11:55:00,EST,DOEE-TDO01,STORET-1121485742,,,,pH,None,7.7,None,,Final,,Actual,,,,,,,,,,,,,,,,,,,,,,,,,,,,,,,,,,,,,,,,,,,,,,,,,,,,,,,,,,,STORET
MDE_FIELDSERVICES_WQX,Maryland Dept. of the Environment In House Water Data,MDE_FIELDSERVICES_WQX-LPR0020:202509091030:FM:0.1,2025-09-09,10:30:00,EDT,MDE_FIELDSERVICES_WQX-LPR0020,STORET-1122072218,,,,pH,,9.2,None,,Final,,Actual,,,,,,,,,,,,,,,,,,,,,,,,,,,,,,,,,,,,,,4500-H+B,APHA,"4500 H+B ~ pH in Water by Potentiometry, pH Value in Water by Potentiometry Using a Standard Hydrogen Electrode",,,https://www.nemi.gov/methods/method_summary/4707/,,,,,,,,,,,,,,,,STORET
DOEE,District Of Columbia Department Of Energy And Environment-water Quality Division  (State),DOEE-TWB01_250916_0.1,2025-09-16,11:12:00,EST,DOEE-TWB01,STORET-1121485886,,,,"Temperature, water",None,20,deg C,,Final,,Actual,,,,,,,,,,,,,,,,,,,,,,,,,,,,,,,,,,,,,,,,,,,,,,,,,,,,,,,,,,,STORET
MDE_FIELDSERVICES_WQX,Maryland Dept. of the Environment In House Water Data,MDE_FIELDSERVICES_WQX-LPR0020:202509241020:FM:0.1,2025-09-24,10:20:00,EDT,MDE_FIELDSERVICES_WQX-LPR0020,STORET-1125164359,,,,"Temperature, water",,24,deg C,,Final,,Actual,,,,,,,,,,,,,,,,,,,,,,,,,,,,,,,,,,,,,,2550 B,APHA,"2550 B ~ Temperature of Water, Laboratory and Field Methods",,,https://www.nemi.gov/methods/method_summary/9829/,,,,,,,,,,,,,,,,STORET
MDE_FIELDSERVICES_WQX,Maryland Dept. of the Environment In House Water Data,MDE_FIELDSERVICES_WQX-GBT0002:202509251300:FM:0.1,2025-09-25,13:00:00,EDT,MDE_FIELDSERVICES_WQX-GBT0002,STORET-1125164496,,,,pH,,7.2,None,,Final,,Actual,,,,,,,,,,,,,,,,,,,,,,,,,,,,,,,,,,,,,,4500-H+B,APHA,"4500 H+B ~ pH in Water by Potentiometry, pH Value in Water by Potentiometry Using a Standard Hydrogen Electrode",,,https://www.nemi.gov/methods/method_summary/4707/,,,,,,,,,,,,,,,,STORET
DOEE,District Of Columbia Department Of Energy And Environment-water Quality Division  (State),DOEE-TOR01_250916_0.1,2025-09-16,09:47:00,EST,DOEE-TOR01,STORET-1121485757,,,,"Temperature, water",None,20.73,deg C,,Final,,Actual,,,,,,,,,,,,,,,,,,,,,,,,,,,,,,,,,,,,,,,,,,,,,,,,,,,,,,,,,,,STORET
DOEE,District Of Columbia Department Of Energy And Environment-water Quality Division  (State),DOEE-RCR01_250922_0.1,2025-09-22,10:38:00,EST,DOEE-RCR01,STORET-1121486142,,,,pH,None,7.44,None,,Final,,Actual,,,,,,,,,,,,,,,,,,,,,,,,,,,,,,,,,,,,,,,,,,,,,,,,,,,,,,,,,,,STORET
MDE_FIELDSERVICES_WQX,Maryland Dept. of the Environment In House Water Data,MDE_FIELDSERVICES_WQX-GBL0010:202509081310:FM:0.1,2025-09-08,13:10:00,EDT,MDE_FIELDSERVICES_WQX-GBL0010,STORET-1122073463,,,,pH,,9.2,None,,Final,,Actual,,,,,,,,,,,,,,,,,,,,,,,,,,,,,,,,,,,,,,4500-H+B,APHA,"4500 H+B ~ pH in Water by Potentiometry, pH Value in Water by Potentiometry Using a Standard Hydrogen Electrode",,,https://www.nemi.gov/methods/method_summary/4707/,,,,,,,,,,,,,,,,STORET
21PA_WQX,PA DEPARTMENT OF ENVIRONMENTAL PROTECTION,21PA_WQX-2687451,2025-09-09,12:00:00,EST,21PA_WQX-WQN0263,STORET-1122724372,,,,pH,,6.8,None,,Final,,Actual,,,,,,,,,,,,,,,,,,,,,,,,,,,,,,,,,,,,,,00403,21PA_WQX,Ph,,Final,,,2025-09-09,,,,,,,,,,,,,,STORET
MDEDAT05_WQX,Maryland Department of Natural Resources,MDEDAT05_WQX-NBP0023:20250904104100:SR,2025-09-04,10:41:00,EDT,MDEDAT05_WQX-NBP0023,STORET-1126490993,,,,pH,,7.8,Molar,,Final,,Actual,,,,,,,,,,,,,,,,,,,,,,,,,,,,,,,,,,,,,,Unknown,MDEDAT05_WQX,Unknown,,,,,,,,,,,,,,,,,,,STORET
MDE_FIELDSERVICES_WQX,Maryland Dept. of the Environment In House Water Data,MDE_FIELDSERVICES_WQX-LXT0252:202509101100:FM:0.1,2025-09-10,11:00:00,EDT,MDE_FIELDSERVICES_WQX-LXT0252,STORET-1125141420,,,,pH,,8,None,,Final,,Actual,,,,,,,,,,,,,,,,,,,,,,,,,,,,,,,,,,,,,,4500-H+B,APHA,"4500 H+B ~ pH in Water by Potentiometry, pH Value in Water by Potentiometry Using a Standard Hydrogen Electrode",,,https://www.nemi.gov/methods/method_summary/4707/,,,,,,,,,,,,,,,,STORET
MDE_FIELDSERVICES_WQX,Maryland Dept. of the Environment In House Water Data,MDE_FIELDSERVICES_WQX-UEG0001:202509101030:FM:0.1,2025-09-10,10:30:00,EDT,MDE_FIELDSERVICES_WQX-UEG0001,STORET-1122071581,,,,pH,,7.3,None,,Final,,Actual,,,,,,,,,,,,,,,,,,,,,,,,,,,,,,,,,,,,,,4500-H+B,APHA,"4500 H+B ~ pH in Water by Potentiometry, pH Value in Water by Potentiometry Using a Standard Hydrogen Electrode",,,https://www.nemi.gov/methods/method_summary/4707/,,,,,,,,,,,,,,,,STORET
DOEE,District Of Columbia Department Of Energy And Environment-water Quality Division  (State),DOEE-RCR01_250902_0.1,2025-09-02,10:23:00,EST,DOEE-RCR01,STORET-1121485252,,,,"Temperature, water",None,18.88,deg C,,Final,,Actual,,,,,,,,,,,,,,,,,,,,,,,,,,,,,,,,,,,,,,,,,,,,,,,,,,,,,,,,,,,STORET
DOEE,District Of Columbia Department Of Energy And Environment-water Quality Division  (State),DOEE-PTB01_250915_0.1,2025-09-15,09:51:00,EST,DOEE-PTB01,STORET-1121485560,,,,pH,None,8.31,None,,Final,,Actual,,,,,,,,,,,,,,,,,,,,,,,,,,,,,,,,,,,,,,,,,,,,,,,,,,,,,,,,,,,STORET
MDE_FIELDSERVICES_WQX,Maryland Dept. of the Environment In House Water Data,MDE_FIELDSERVICES_WQX-VEC0021:202509090900:FM:0.1,2025-09-09,09:00:00,EDT,MDE_FIELDSERVICES_WQX-VEC0021,STORET-1122071159,,,,"Temperature, water",,20.1,deg C,,Final,,Actual,,,,,,,,,,,,,,,,,,,,,,,,,,,,,,,,,,,,,,2550 B,APHA,"2550 B ~ Temperature of Water, Laboratory and Field Methods",,,https://www.nemi.gov/methods/method_summary/9829/,,,,,,,,,,,,,,,,STORET
MDE_FIELDSERVICES_WQX,Maryland Dept. of the Environment In House Water Data,MDE_FIELDSERVICES_WQX-GBL0016:202509251225:FM:0.1,2025-09-25,12:25:00,EDT,MDE_FIELDSERVICES_WQX-GBL0016,STORET-1125153485,,,,pH,,7.6,None,,Final,,Actual,,,,,,,,,,,,,,,,,,,,,,,,,,,,,,,,,,,,,,4500-H+B,APHA,"4500 H+B ~ pH in Water by Potentiometry, pH Value in Water by Potentiometry Using a Standard Hydrogen Electrode",,,https://www.nemi.gov/methods/method_summary/4707/,,,,,,,,,,,,,,,,STORET
DOEE,District Of Columbia Department Of Energy And Environment-water Quality Division  (State),DOEE-RCR09_250922_0.1,2025-09-22,10:16:00,EST,DOEE-RCR09,STORET-1121486130,,,,"Temperature, water",None,19.66,deg C,,Final,,Actual,,,,,,,,,,,,,,,,,,,,,,,,,,,,,,,,,,,,,,,,,,,,,,,,,,,,,,,,,,,STORET
DOEE,District Of Columbia Department Of Energy And Environment-water Quality Division  (State),DOEE-TKV01_250915_0.1,2025-09-15,10:00:00,EST,DOEE-TKV01,STORET-1121485572,,,,"Temperature, water",None,18.86,deg C,,Final,,Actual,,,,,,,,,,,,,,,,,,,,,,,,,,,,,,,,,,,,,,,,,,,,,,,,,,,,,,,,,,,STORET
DOEE,District Of Columbia Department Of Energy And Environment-water Quality Division  (State),DOEE-THR01_250916_0.1,2025-09-16,11:45:00,EST,DOEE-THR01,STORET-1121485910,,,,"Temperature, water",None,19.69,deg C,,Final,,Actual,,,,,,,,,,,,,,,,,,,,,,,,,,,,,,,,,,,,,,,,,,,,,,,,,,,,,,,,,,,STORET
MDE_FIELDSERVICES_WQX,Maryland Dept. of the Environment In House Water Data,MDE_FIELDSERVICES_WQX-UEG0005:202509101010:FM:0.1,2025-09-10,10:10:00,EDT,MDE_FIELDSERVICES_WQX-UEG0005,STORET-1122072284,,,,pH,,7.5,None,,Final,,Actual,,,,,,,,,,,,,,,,,,,,,,,,,,,,,,,,,,,,,,4500-H+B,APHA,"4500 H+B ~ pH in Water by Potentiometry, pH Value in Water by Potentiometry Using a Standard Hydrogen Electrode",,,https://www.nemi.gov/methods/method_summary/4707/,,,,,,,,,,,,,,,,STORET
MDEDAT05_WQX,Maryland Department of Natural Resources,MDEDAT05_WQX-NBP0103:20250904113800:SR,2025-09-04,11:38:00,EDT,MDEDAT05_WQX-NBP0103,STORET-1126490997,,,,pH,,8.3,Molar,,Final,,Actual,,,,,,,,,,,,,,,,,,,,,,,,,,,,,,,,,,,,,,Unknown,MDEDAT05_WQX,Unknown,,,,,,,,,,,,,,,,,,,STORET
DOEE,District Of Columbia Department Of Energy And Environment-water Quality Division  (State),DOEE-RCR09_250909_0.1,2025-09-09,10:24:00,EST,DOEE-RCR09,STORET-1121485524,,,,pH,None,8.1,None,,Final,,Actual,,,,,,,,,,,,,,,,,,,,,,,,,,,,,,,,,,,,,,,,,,,,,,,,,,,,,,,,,,,STORET
DOEE,District Of Columbia Department Of Energy And Environment-water Quality Division  (State),DOEE-RCR01_250915_0.1,2025-09-15,11:24:00,EST,DOEE-RCR01,STORET-1121485730,,,,pH,None,7.09,None,,Final,,Actual,,,,,,,,,,,,,,,,,,,,,,,,,,,,,,,,,,,,,,,,,,,,,,,,,,,,,,,,,,,STORET
DOEE,District Of Columbia Department Of Energy And Environment-water Quality Division  (State),DOEE-TMH01_250915_0.1,2025-09-15,10:15:00,EST,DOEE-TMH01,STORET-1121485608,,,,pH,None,7.2,None,,Final,,Actual,,,,,,,,,,,,,,,,,,,,,,,,,,,,,,,,,,,,,,,,,,,,,,,,,,,,,,,,,,,STORET
MDE_FIELDSERVICES_WQX,Maryland Dept. of the Environment In House Water Data,MDE_FIELDSERVICES_WQX-LXT0252:202509101100:FM:0.1,2025-09-10,11:00:00,EDT,MDE_FIELDSERVICES_WQX-LXT0252,STORET-1122071271,,,,pH,,8,None,,Final,,Actual,,,,,,,,,,,,,,,,,,,,,,,,,,,,,,,,,,,,,,4500-H+B,APHA,"4500 H+B ~ pH in Water by Potentiometry, pH Value in Water by Potentiometry Using a Standard Hydrogen Electrode",,,https://www.nemi.gov/methods/method_summary/4707/,,,,,,,,,,,,,,,,STORET
DOEE,District Of Columbia Department Of Energy And Environment-water Quality Division  (State),DOEE-RCR01_250929_0.1,2025-09-29,10:11:00,EST,DOEE-RCR01,STORET-1121486265,,,,pH,None,7.4,None,,Final,,Actual,,,,,,,,,,,,,,,,,,,,,,,,,,,,,,,,,,,,,,,,,,,,,,,,,,,,,,,,,,,STORET
MDE_FIELDSERVICES_WQX,Maryland Dept. of the Environment In House Water Data,MDE_FIELDSERVICES_WQX-LPR0020:202509091030:FM:0.1,2025-09-09,10:30:00,EDT,MDE_FIELDSERVICES_WQX-LPR0020,STORET-1122072211,,,,"Temperature, water",,22.8,deg C,,Final,,Actual,,,,,,,,,,,,,,,,,,,,,,,,,,,,,,,,,,,,,,2550 B,APHA,"2550 B ~ Temperature of Water, Laboratory and Field Methods",,,https://www.nemi.gov/methods/method_summary/9829/,,,,,,,,,,,,,,,,STORET
MDEDAT05_WQX,Maryland Department of Natural Resources,MDEDAT05_WQX-NBP0103:20250904113800:SR,2025-09-04,11:38:00,EDT,MDEDAT05_WQX-NBP0103,STORET-1126490998,,,,"Temperature, water",,20.1,deg C,,Final,,Actual,,,,,,,,,,,,,,,,,,,,,,,,,,,,,,,,,,,,,,Unknown,MDEDAT05_WQX,Unknown,,,,,,,,,,,,,,,,,,,STORET
DOEE,District Of Columbia Department Of Energy And Environment-water Quality Division  (State),DOEE-TFB02_250915_0.1,2025-09-15,11:04:00,EST,DOEE-TFB02,STORET-1121485694,,,,"Temperature, water",None,20.15,deg C,,Final,,Actual,,,,,,,,,,,,,,,,,,,,,,,,,,,,,,,,,,,,,,,,,,,,,,,,,,,,,,,,,,,STORET
MDE_FIELDSERVICES_WQX,Maryland Dept. of the Environment In House Water Data,MDE_FIELDSERVICES_WQX-UEG0001:202509101030:FM:0.1,2025-09-10,10:30:00,EDT,MDE_FIELDSERVICES_WQX-UEG0001,STORET-1125143412,,,,"Temperature, water",,18.3,deg C,,Final,,Actual,,,,,,,,,,,,,,,,,,,,,,,,,,,,,,,,,,,,,,2550 B,APHA,"2550 B ~ Temperature of Water, Laboratory and Field Methods",,,https://www.nemi.gov/methods/method_summary/9829/,,,,,,,,,,,,,,,,STORET
DOEE,District Of Columbia Department Of Energy And Environment-water Quality Division  (State),DOEE-RCR01_250915_0.1,2025-09-15,11:24:00,EST,DOEE-RCR01,STORET-1121485729,,,,"Temperature, water",None,20.46,deg C,,Final,,Actual,,,,,,,,,,,,,,,,,,,,,,,,,,,,,,,,,,,,,,,,,,,,,,,,,,,,,,,,,,,STORET
MDE_FIELDSERVICES_WQX,Maryland Dept. of the Environment In House Water Data,MDE_FIELDSERVICES_WQX-LXT0252:202509231128:FM:0.1,2025-09-23,11:28:00,EDT,MDE_FIELDSERVICES_WQX-LXT0252,STORET-1122072388,,,,pH,,8.4,None,,Final,,Actual,,,,,,,,,,,,,,,,,,,,,,,,,,,,,,,,,,,,,,4500-H+B,APHA,"4500 H+B ~ pH in Water by Potentiometry, pH Value in Water by Potentiometry Using a Standard Hydrogen Electrode",,,https://www.nemi.gov/methods/method_summary/4707/,,,,,,,,,,,,,,,,STORET
MDEDAT05_WQX,Maryland Department of Natural Resources,MDEDAT05_WQX-NBP0689:20250904141700:SR,2025-09-04,14:17:00,EDT,MDEDAT05_WQX-NBP0689,STORET-1126491005,,,,pH,,8.5,Molar,,Final,,Actual,,,,,,,,,,,,,,,,,,,,,,,,,,,,,,,,,,,,,,Unknown,MDEDAT05_WQX,Unknown,,,,,,,,,,,,,,,,,,,STORET
MDE_FIELDSERVICES_WQX,Maryland Dept. of the Environment In House Water Data,MDE_FIELDSERVICES_WQX-UEG0005:202509101010:FM:0.1,2025-09-10,10:10:00,EDT,MDE_FIELDSERVICES_WQX-UEG0005,STORET-1122072277,,,,"Temperature, water",,20.1,deg C,,Final,,Actual,,,,,,,,,,,,,,,,,,,,,,,,,,,,,,,,,,,,,,2550 B,APHA,"2550 B ~ Temperature of Water, Laboratory and Field Methods",,,https://www.nemi.gov/methods/method_summary/9829/,,,,,,,,,,,,,,,,STORET
DOEE,District Of Columbia Department Of Energy And Environment-water Quality Division  (State),DOEE-TMH01_250915_0.1,2025-09-15,10:15:00,EST,DOEE-TMH01,STORET-1121485607,,,,"Temperature, water",None,19.1,deg C,,Final,,Actual,,,,,,,,,,,,,,,,,,,,,,,,,,,,,,,,,,,,,,,,,,,,,,,,,,,,,,,,,,,STORET
DOEE,District Of Columbia Department Of Energy And Environment-water Quality Division  (State),DOEE-TWB06_250916_0.1,2025-09-16,10:53:00,EST,DOEE-TWB06,STORET-1121485853,,,,pH,None,7.34,None,,Final,,Actual,,,,,,,,,,,,,,,,,,,,,,,,,,,,,,,,,,,,,,,,,,,,,,,,,,,,,,,,,,,STORET
MDEDAT05_WQX,Maryland Department of Natural Resources,MDEDAT05_WQX-NBP0534:20250904132000:SR,2025-09-04,13:20:00,EDT,MDEDAT05_WQX-NBP0534,STORET-1126491002,,,,"Temperature, water",,15.7,deg C,,Final,,Actual,,,,,,,,,,,,,,,,,,,,,,,,,,,,,,,,,,,,,,Unknown,MDEDAT05_WQX,Unknown,,,,,,,,,,,,,,,,,,,STORET
DOEE,District Of Columbia Department Of Energy And Environment-water Quality Division  (State),DOEE-TBR01_250915_0.1,2025-09-15,10:24:00,EST,DOEE-TBR01,STORET-1121485620,,,,pH,None,7.33,None,,Final,,Actual,,,,,,,,,,,,,,,,,,,,,,,,,,,,,,,,,,,,,,,,,,,,,,,,,,,,,,,,,,,STORET
DOEE,District Of Columbia Department Of Energy And Environment-water Quality Division  (State),DOEE-TNA01_250916_0.1,2025-09-16,11:25:00,EST,DOEE-TNA01,STORET-1121485899,,,,pH,None,7.18,None,,Final,,Actual,,,,,,,,,,,,,,,,,,,,,,,,,,,,,,,,,,,,,,,,,,,,,,,,,,,,,,,,,,,STORET
MDE_FIELDSERVICES_WQX,Maryland Dept. of the Environment In House Water Data,MDE_FIELDSERVICES_WQX-VEC0014:202509090956:FM:0.1,2025-09-09,09:56:00,EDT,MDE_FIELDSERVICES_WQX-VEC0014,STORET-1122073504,,,,"Temperature, water",,21.7,deg C,,Final,,Actual,,,,,,,,,,,,,,,,,,,,,,,,,,,,,,,,,,,,,,2550 B,APHA,"2550 B ~ Temperature of Water, Laboratory and Field Methods",,,https://www.nemi.gov/methods/method_summary/9829/,,,,,,,,,,,,,,,,STORET
DOEE,District Of Columbia Department Of Energy And Environment-water Quality Division  (State),DOEE-TDU01_250916_0.1,2025-09-16,10:58:00,EST,DOEE-TDU01,STORET-1121485864,,,,"Temperature, water",None,19.1,deg C,,Final,,Actual,,,,,,,,,,,,,,,,,,,,,,,,,,,,,,,,,,,,,,,,,,,,,,,,,,,,,,,,,,,STORET
DOEE,District Of Columbia Department Of Energy And Environment-water Quality Division  (State),DOEE-PTB01_250915_0.1,2025-09-15,09:51:00,EST,DOEE-PTB01,STORET-1121485559,,,,"Temperature, water",None,24.56,deg C,,Final,,Actual,,,,,,,,,,,,,,,,,,,,,,,,,,,,,,,,,,,,,,,,,,,,,,,,,,,,,,,,,,,STORET
DOEE,District Of Columbia Department Of Energy And Environment-water Quality Division  (State),DOEE-TNS01_250915_0.1,2025-09-15,10:15:00,EST,DOEE-TNS01,STORET-1121485596,,,,"Temperature, water",None,19.66,deg C,,Final,,Actual,,,,,,,,,,,,,,,,,,,,,,,,,,,,,,,,,,,,,,,,,,,,,,,,,,,,,,,,,,,STORET
MDE_FIELDSERVICES_WQX,Maryland Dept. of the Environment In House Water Data,MDE_FIELDSERVICES_WQX-LPR0020:202509241020:FM:0.1,2025-09-24,10:20:00,EDT,MDE_FIELDSERVICES_WQX-LPR0020,STORET-1122073653,,,,pH,,8.3,None,,Final,,Actual,,,,,,,,,,,,,,,,,,,,,,,,,,,,,,,,,,,,,,4500-H+B,APHA,"4500 H+B ~ pH in Water by Potentiometry, pH Value in Water by Potentiometry Using a Standard Hydrogen Electrode",,,https://www.nemi.gov/methods/method_summary/4707/,,,,,,,,,,,,,,,,STORET
MDE_FIELDSERVICES_WQX,Maryland Dept. of the Environment In House Water Data,MDE_FIELDSERVICES_WQX-LPR0020:202509241020:FM:0.1,2025-09-24,10:20:00,EDT,MDE_FIELDSERVICES_WQX-LPR0020,STORET-1122073652,,,,"Temperature, water",,24,deg C,,Final,,Actual,,,,,,,,,,,,,,,,,,,,,,,,,,,,,,,,,,,,,,2550 B,APHA,"2550 B ~ Temperature of Water, Laboratory and Field Methods",,,https://www.nemi.gov/methods/method_summary/9829/,,,,,,,,,,,,,,,,STORET
DOEE,District Of Columbia Department Of Energy And Environment-water Quality Division  (State),DOEE-TWB01_250916_0.1,2025-09-16,11:12:00,EST,DOEE-TWB01,STORET-1121485887,,,,pH,None,7.2,None,,Final,,Actual,,,,,,,,,,,,,,,,,,,,,,,,,,,,,,,,,,,,,,,,,,,,,,,,,,,,,,,,,,,STORET
DOEE,District Of Columbia Department Of Energy And Environment-water Quality Division  (State),DOEE-TPY01_250915_0.1,2025-09-15,10:07:00,EST,DOEE-TPY01,STORET-1121485585,,,,pH,None,7.17,None,,Final,,Actual,,,,,,,,,,,,,,,,,,,,,,,,,,,,,,,,,,,,,,,,,,,,,,,,,,,,,,,,,,,STORET
DOEE,District Of Columbia Department Of Energy And Environment-water Quality Division  (State),DOEE-TLU01_250915_0.1,2025-09-15,10:49:00,EST,DOEE-TLU01,STORET-1121485667,,,,pH,None,7.18,None,,Final,,Actual,,,,,,,,,,,,,,,,,,,,,,,,,,,,,,,,,,,,,,,,,,,,,,,,,,,,,,,,,,,STORET
MDE_FIELDSERVICES_WQX,Maryland Dept. of the Environment In House Water Data,MDE_FIELDSERVICES_WQX-NLO0008:202509091105:FM:0.1,2025-09-09,11:05:00,EDT,MDE_FIELDSERVICES_WQX-NLO0008,STORET-1122072222,,,,"Temperature, water",,20.5,deg C,,Final,,Actual,,,,,,,,,,,,,,,,,,,,,,,,,,,,,,,,,,,,,,2550 B,APHA,"2550 B ~ Temperature of Water, Laboratory and Field Methods",,,https://www.nemi.gov/methods/method_summary/9829/,,,,,,,,,,,,,,,,STORET
DOEE,District Of Columbia Department Of Energy And Environment-water Quality Division  (State),DOEE-TDU01_250916_0.1,2025-09-16,10:58:00,EST,DOEE-TDU01,STORET-1121485865,,,,pH,None,7.79,None,,Final,,Actual,,,,,,,,,,,,,,,,,,,,,,,,,,,,,,,,,,,,,,,,,,,,,,,,,,,,,,,,,,,STORET
DOEE,District Of Columbia Department Of Energy And Environment-water Quality Division  (State),DOEE-TFE01_250915_0.1,2025-09-15,11:10:00,EST,DOEE-TFE01,STORET-1121485718,,,,pH,None,7.05,None,,Final,,Actual,,,,,,,,,,,,,,,,,,,,,,,,,,,,,,,,,,,,,,,,,,,,,,,,,,,,,,,,,,,STORET
MDE_FIELDSERVICES_WQX,Maryland Dept. of the Environment In House Water Data,MDE_FIELDSERVICES_WQX-UEG0005:202509101010:FM:0.1,2025-09-10,10:10:00,EDT,MDE_FIELDSERVICES_WQX-UEG0005,STORET-1125153219,,,,pH,,7.5,None,,Final,,Actual,,,,,,,,,,,,,,,,,,,,,,,,,,,,,,,,,,,,,,4500-H+B,APHA,"4500 H+B ~ pH in Water by Potentiometry, pH Value in Water by Potentiometry Using a Standard Hydrogen Electrode",,,https://www.nemi.gov/methods/method_summary/4707/,,,,,,,,,,,,,,,,STORET
MDE_FIELDSERVICES_WQX,Maryland Dept. of the Environment In House Water Data,MDE_FIELDSERVICES_WQX-UEG0001:202509101030:FM:0.1,2025-09-10,10:30:00,EDT,MDE_FIELDSERVICES_WQX-UEG0001,STORET-1122071585,,,,"Temperature, water",,18.3,deg C,,Final,,Actual,,,,,,,,,,,,,,,,,,,,,,,,,,,,,,,,,,,,,,2550 B,APHA,"2550 B ~ Temperature of Water, Laboratory and Field Methods",,,https://www.nemi.gov/methods/method_summary/9829/,,,,,,,,,,,,,,,,STORET
DOEE,District Of Columbia Department Of Energy And Environment-water Quality Division  (State),DOEE-RCR09_250902_0.1,2025-09-02,09:59:00,EST,DOEE-RCR09,STORET-1121485241,,,,"Temperature, water",None,18.79,deg C,,Final,,Actual,,,,,,,,,,,,,,,,,,,,,,,,,,,,,,,,,,,,,,,,,,,,,,,,,,,,,,,,,,,STORET
MDE_FIELDSERVICES_WQX,Maryland Dept. of the Environment In House Water Data,MDE_FIELDSERVICES_WQX-NLO0008:202509241055:FM:0.1,2025-09-24,10:55:00,EDT,MDE_FIELDSERVICES_WQX-NLO0008,STORET-1122071705,,,,"Temperature, water",,23.4,deg C,,Final,,Actual,,,,,,,,,,,,,,,,,,,,,,,,,,,,,,,,,,,,,,2550 B,APHA,"2550 B ~ Temperature of Water, Laboratory and Field Methods",,,https://www.nemi.gov/methods/method_summary/9829/,,,,,,,,,,,,,,,,STORET
MDE_FIELDSERVICES_WQX,Maryland Dept. of the Environment In House Water Data,MDE_FIELDSERVICES_WQX-GBT0002:202509251300:FM:0.1,2025-09-25,13:00:00,EDT,MDE_FIELDSERVICES_WQX-GBT0002,STORET-1122073792,,,,"Temperature, water",,22.7,deg C,,Final,,Actual,,,,,,,,,,,,,,,,,,,,,,,,,,,,,,,,,,,,,,2550 B,APHA,"2550 B ~ Temperature of Water, Laboratory and Field Methods",,,https://www.nemi.gov/methods/method_summary/9829/,,,,,,,,,,,,,,,,STORET
DOEE,District Of Columbia Department Of Energy And Environment-water Quality Division  (State),DOEE-TSO01_250915_0.1,2025-09-15,10:27:00,EST,DOEE-TSO01,STORET-1121485631,,,,"Temperature, water",None,19.41,deg C,,Final,,Actual,,,,,,,,,,,,,,,,,,,,,,,,,,,,,,,,,,,,,,,,,,,,,,,,,,,,,,,,,,,STORET
DOEE,District Of Columbia Department Of Energy And Environment-water Quality Division  (State),DOEE-TPI01_250915_0.1,2025-09-15,10:39:00,EST,DOEE-TPI01,STORET-1121485655,,,,pH,None,7.39,None,,Final,,Actual,,,,,,,,,,,,,,,,,,,,,,,,,,,,,,,,,,,,,,,,,,,,,,,,,,,,,,,,,,,STORET
MDE_FIELDSERVICES_WQX,Maryland Dept. of the Environment In House Water Data,MDE_FIELDSERVICES_WQX-VEC0021:202509251030:FM:0.1,2025-09-25,10:30:00,EDT,MDE_FIELDSERVICES_WQX-VEC0021,STORET-1122072617,,,,pH,,7.2,None,,Final,,Actual,,,,,,,,,,,,,,,,,,,,,,,,,,,,,,,,,,,,,,4500-H+B,APHA,"4500 H+B ~ pH in Water by Potentiometry, pH Value in Water by Potentiometry Using a Standard Hydrogen Electrode",,,https://www.nemi.gov/methods/method_summary/4707/,,,,,,,,,,,,,,,,STORET
DOEE,District Of Columbia Department Of Energy And Environment-water Quality Division  (State),DOEE-RCR09_250902_0.1,2025-09-02,09:59:00,EST,DOEE-RCR09,STORET-1121485242,,,,pH,None,7.79,None,,Final,,Actual,,,,,,,,,,,,,,,,,,,,,,,,,,,,,,,,,,,,,,,,,,,,,,,,,,,,,,,,,,,STORET
DOEE,District Of Columbia Department Of Energy And Environment-water Quality Division  (State),DOEE-TSO01_250915_0.1,2025-09-15,10:27:00,EST,DOEE-TSO01,STORET-1121485632,,,,pH,None,7.28,None,,Final,,Actual,,,,,,,,,,,,,,,,,,,,,,,,,,,,,,,,,,,,,,,,,,,,,,,,,,,,,,,,,,,STORET
21PA_WQX,PA DEPARTMENT OF ENVIRONMENTAL PROTECTION,21PA_WQX-2687451,2025-09-09,12:00:00,EST,21PA_WQX-WQN0263,STORET-1122724356,,,,pH,,8.41,None,,Final,,Actual,,,,,,,,,,,,,,,,,,,,,,,,,,,,,,,,,,,,,,F00405,21PA_WQX,Ph,,Final,,,2025-09-09,,,,,,,,,,,,,,STORET
MDE_FIELDSERVICES_WQX,Maryland Dept. of the Environment In House Water Data,MDE_FIELDSERVICES_WQX-NLO0008:202509091105:FM:0.1,2025-09-09,11:05:00,EDT,MDE_FIELDSERVICES_WQX-NLO0008,STORET-1125153167,,,,"Temperature, water",,20.5,deg C,,Final,,Actual,,,,,,,,,,,,,,,,,,,,,,,,,,,,,,,,,,,,,,2550 B,APHA,"2550 B ~ Temperature of Water, Laboratory and Field Methods",,,https://www.nemi.gov/methods/method_summary/9829/,,,,,,,,,,,,,,,,STORET
MDEDAT05_WQX,Maryland Department of Natural Resources,MDEDAT05_WQX-NBP0689:20250904141700:SR,2025-09-04,14:17:00,EDT,MDEDAT05_WQX-NBP0689,STORET-1126491006,,,,"Temperature, water",,18.8,deg C,,Final,,Actual,,,,,,,,,,,,,,,,,,,,,,,,,,,,,,,,,,,,,,Unknown,MDEDAT05_WQX,Unknown,,,,,,,,,,,,,,,,,,,STORET
MDE_FIELDSERVICES_WQX,Maryland Dept. of the Environment In House Water Data,MDE_FIELDSERVICES_WQX-GBL0016:202509251225:FM:0.1,2025-09-25,12:25:00,EDT,MDE_FIELDSERVICES_WQX-GBL0016,STORET-1122072529,,,,pH,,7.6,None,,Final,,Actual,,,,,,,,,,,,,,,,,,,,,,,,,,,,,,,,,,,,,,4500-H+B,APHA,"4500 H+B ~ pH in Water by Potentiometry, pH Value in Water by Potentiometry Using a Standard Hydrogen Electrode",,,https://www.nemi.gov/methods/method_summary/4707/,,,,,,,,,,,,,,,,STORET
DOEE,District Of Columbia Department Of Energy And Environment-water Quality Division  (State),DOEE-TDO01_250915_0.1,2025-09-15,11:55:00,EST,DOEE-TDO01,STORET-1121485741,,,,"Temperature, water",None,19.2,deg C,,Final,,Actual,,,,,,,,,,,,,,,,,,,,,,,,,,,,,,,,,,,,,,,,,,,,,,,,,,,,,,,,,,,STORET
DOEE,District Of Columbia Department Of Energy And Environment-water Quality Division  (State),DOEE-RCR01_250902_0.1,2025-09-02,10:23:00,EST,DOEE-RCR01,STORET-1121485253,,,,pH,None,7.46,None,,Final,,Actual,,,,,,,,,,,,,,,,,,,,,,,,,,,,,,,,,,,,,,,,,,,,,,,,,,,,,,,,,,,STORET
DOEE,District Of Columbia Department Of Energy And Environment-water Quality Division  (State),DOEE-TPO01_250915_0.1,2025-09-15,11:05:00,EST,DOEE-TPO01,STORET-1121485706,,,,pH,None,7.11,None,,Final,,Actual,,,,,,,,,,,,,,,,,,,,,,,,,,,,,,,,,,,,,,,,,,,,,,,,,,,,,,,,,,,STORET
DOEE,District Of Columbia Department Of Energy And Environment-water Quality Division  (State),DOEE-RCR09_250929_0.1,2025-09-29,09:49:00,EST,DOEE-RCR09,STORET-1121486253,,,,"Temperature, water",None,20.63,deg C,,Final,,Actual,,,,,,,,,,,,,,,,,,,,,,,,,,,,,,,,,,,,,,,,,,,,,,,,,,,,,,,,,,,STORET
DOEE,District Of Columbia Department Of Energy And Environment-water Quality Division  (State),DOEE-TDA01_250915_0.1,2025-09-15,10:39:00,EST,DOEE-TDA01,STORET-1121485644,,,,pH,None,7.63,None,,Final,,Actual,,,,,,,,,,,,,,,,,,,,,,,,,,,,,,,,,,,,,,,,,,,,,,,,,,,,,,,,,,,STORET
DOEE,District Of Columbia Department Of Energy And Environment-water Quality Division  (State),DOEE-TFD01_250916_0.1,2025-09-16,10:33:00,EST,DOEE-TFD01,STORET-1121485818,,,,"Temperature, water",None,18.83,deg C,,Final,,Actual,,,,,,,,,,,,,,,,,,,,,,,,,,,,,,,,,,,,,,,,,,,,,,,,,,,,,,,,,,,STORET
MDE_FIELDSERVICES_WQX,Maryland Dept. of the Environment In House Water Data,MDE_FIELDSERVICES_WQX-LPR0020:202509091030:FM:0.1,2025-09-09,10:30:00,EDT,MDE_FIELDSERVICES_WQX-LPR0020,STORET-1125153156,,,,"Temperature, water",,22.8,deg C,,Final,,Actual,,,,,,,,,,,,,,,,,,,,,,,,,,,,,,,,,,,,,,2550 B,APHA,"2550 B ~ Temperature of Water, Laboratory and Field Methods",,,https://www.nemi.gov/methods/method_summary/9829/,,,,,,,,,,,,,,,,STORET
MDE_FIELDSERVICES_WQX,Maryland Dept. of the Environment In House Water Data,MDE_FIELDSERVICES_WQX-GBL0010:202509081310:FM:0.1,2025-09-08,13:10:00,EDT,MDE_FIELDSERVICES_WQX-GBL0010,STORET-1125164158,,,,"Temperature, water",,25.5,deg C,,Final,,Actual,,,,,,,,,,,,,,,,,,,,,,,,,,,,,,,,,,,,,,2550 B,APHA,"2550 B ~ Temperature of Water, Laboratory and Field Methods",,,https://www.nemi.gov/methods/method_summary/9829/,,,,,,,,,,,,,,,,STORET
DOEE,District Of Columbia Department Of Energy And Environment-water Quality Division  (State),DOEE-TTX27_250916_0.1,2025-09-16,10:21:00,EST,DOEE-TTX27,STORET-1121485793,,,,"Temperature, water",None,18.96,deg C,,Final,,Actual,,,,,,,,,,,,,,,,,,,,,,,,,,,,,,,,,,,,,,,,,,,,,,,,,,,,,,,,,,,STORET
DOEE,District Of Columbia Department Of Energy And Environment-water Quality Division  (State),DOEE-TNS01_250915_0.1,2025-09-15,10:15:00,EST,DOEE-TNS01,STORET-1121485597,,,,pH,None,7.52,None,,Final,,Actual,,,,,,,,,,,,,,,,,,,,,,,,,,,,,,,,,,,,,,,,,,,,,,,,,,,,,,,,,,,STORET
DOEE,District Of Columbia Department Of Energy And Environment-water Quality Division  (State),DOEE-TFS01_250916_0.1,2025-09-16,10:13:00,EST,DOEE-TFS01,STORET-1121485783,,,,pH,None,7.63,None,,Final,,Actual,,,,,,,,,,,,,,,,,,,,,,,,,,,,,,,,,,,,,,,,,,,,,,,,,,,,,,,,,,,STORET
MDE_FIELDSERVICES_WQX,Maryland Dept. of the Environment In House Water Data,MDE_FIELDSERVICES_WQX-LXT0252:202509231128:FM:0.1,2025-09-23,11:28:00,EDT,MDE_FIELDSERVICES_WQX-LXT0252,STORET-1122072386,,,,"Temperature, water",,22.7,deg C,,Final,,Actual,,,,,,,,,,,,,,,,,,,,,,,,,,,,,,,,,,,,,,2550 B,APHA,"2550 B ~ Temperature of Water, Laboratory and Field Methods",,,https://www.nemi.gov/methods/method_summary/9829/,,,,,,,,,,,,,,,,STORET
MDE_FIELDSERVICES_WQX,Maryland Dept. of the Environment In House Water Data,MDE_FIELDSERVICES_WQX-UEG0011:202509100950:FM:0.1,2025-09-10,09:50:00,EDT,MDE_FIELDSERVICES_WQX-UEG0011,STORET-1125153230,,,,pH,,7.1,None,,Final,,Actual,,,,,,,,,,,,,,,,,,,,,,,,,,,,,,,,,,,,,,4500-H+B,APHA,"4500 H+B ~ pH in Water by Potentiometry, pH Value in Water by Potentiometry Using a Standard Hydrogen Electrode",,,https://www.nemi.gov/methods/method_summary/4707/,,,,,,,,,,,,,,,,STORET
DOEE,District Of Columbia Department Of Energy And Environment-water Quality Division  (State),DOEE-RCR01_250909_0.1,2025-09-09,10:54:00,EST,DOEE-RCR01,STORET-1121485536,,,,pH,None,7.72,None,,Final,,Actual,,,,,,,,,,,,,,,,,,,,,,,,,,,,,,,,,,,,,,,,,,,,,,,,,,,,,,,,,,,STORET
MDE_FIELDSERVICES_WQX,Maryland Dept. of the Environment In House Water Data,MDE_FIELDSERVICES_WQX-LXT0252:202509101100:FM:0.1,2025-09-10,11:00:00,EDT,MDE_FIELDSERVICES_WQX-LXT0252,STORET-1125141423,,,,"Temperature, water",,20.9,deg C,,Final,,Actual,,,,,,,,,,,,,,,,,,,,,,,,,,,,,,,,,,,,,,2550 B,APHA,"2550 B ~ Temperature of Water, Laboratory and Field Methods",,,https://www.nemi.gov/methods/method_summary/9829/,,,,,,,,,,,,,,,,STORET
MDE_FIELDSERVICES_WQX,Maryland Dept. of the Environment In House Water Data,MDE_FIELDSERVICES_WQX-UEG0005:202509231210:FM:0.1,2025-09-23,12:10:00,EDT,MDE_FIELDSERVICES_WQX-UEG0005,STORET-1125153308,,,,"Temperature, water",,22.9,deg C,,Final,,Actual,,,,,,,,,,,,,,,,,,,,,,,,,,,,,,,,,,,,,,2550 B,APHA,"2550 B ~ Temperature of Water, Laboratory and Field Methods",,,https://www.nemi.gov/methods/method_summary/9829/,,,,,,,,,,,,,,,,STORET
DOEE,District Of Columbia Department Of Energy And Environment-water Quality Division  (State),DOEE-RCR09_250922_0.1,2025-09-22,10:16:00,EST,DOEE-RCR09,STORET-1121486131,,,,pH,None,7.67,None,,Final,,Actual,,,,,,,,,,,,,,,,,,,,,,,,,,,,,,,,,,,,,,,,,,,,,,,,,,,,,,,,,,,STORET
MDE_FIELDSERVICES_WQX,Maryland Dept. of the Environment In House Water Data,MDE_FIELDSERVICES_WQX-UEG0011:202509231230:FM:0.1,2025-09-23,12:30:00,EDT,MDE_FIELDSERVICES_WQX-UEG0011,STORET-1122072363,,,,"Temperature, water",,19.5,deg C,,Final,,Actual,,,,,,,,,,,,,,,,,,,,,,,,,,,,,,,,,,,,,,2550 B,APHA,"2550 B ~ Temperature of Water, Laboratory and Field Methods",,,https://www.nemi.gov/methods/method_summary/9829/,,,,,,,,,,,,,,,,STORET
DOEE,District Of Columbia Department Of Energy And Environment-water Quality Division  (State),DOEE-TLU01_250915_0.1,2025-09-15,10:49:00,EST,DOEE-TLU01,STORET-1121485666,,,,"Temperature, water",None,21.19,deg C,,Final,,Actual,,,,,,,,,,,,,,,,,,,,,,,,,,,,,,,,,,,,,,,,,,,,,,,,,,,,,,,,,,,STORET
DOEE,District Of Columbia Department Of Energy And Environment-water Quality Division  (State),DOEE-TBK01_250915_0.1,2025-09-15,11:04:00,EST,DOEE-TBK01,STORET-1121485684,,,,pH,None,7.7,None,,Final,,Actual,,,,,,,,,,,,,,,,,,,,,,,,,,,,,,,,,,,,,,,,,,,,,,,,,,,,,,,,,,,STORET
MDE_FIELDSERVICES_WQX,Maryland Dept. of the Environment In House Water Data,MDE_FIELDSERVICES_WQX-GBT0002:202509251300:FM:0.1,2025-09-25,13:00:00,EDT,MDE_FIELDSERVICES_WQX-GBT0002,STORET-1125164499,,,,"Temperature, water",,22.7,deg C,,Final,,Actual,,,,,,,,,,,,,,,,,,,,,,,,,,,,,,,,,,,,,,2550 B,APHA,"2550 B ~ Temperature of Water, Laboratory and Field Methods",,,https://www.nemi.gov/methods/method_summary/9829/,,,,,,,,,,,,,,,,STORET
DOEE,District Of Columbia Department Of Energy And Environment-water Quality Division  (State),DOEE-THR01_250916_0.1,2025-09-16,11:45:00,EST,DOEE-THR01,STORET-1121485911,,,,pH,None,7.06,None,,Final,,Actual,,,,,,,,,,,,,,,,,,,,,,,,,,,,,,,,,,,,,,,,,,,,,,,,,,,,,,,,,,,STORET
DOEE,District Of Columbia Department Of Energy And Environment-water Quality Division  (State),DOEE-TFE01_250915_0.1,2025-09-15,11:10:00,EST,DOEE-TFE01,STORET-1121485717,,,,"Temperature, water",None,19.92,deg C,,Final,,Actual,,,,,,,,,,,,,,,,,,,,,,,,,,,,,,,,,,,,,,,,,,,,,,,,,,,,,,,,,,,STORET
DOEE,District Of Columbia Department Of Energy And Environment-water Quality Division  (State),DOEE-RCR01_250929_0.1,2025-09-29,10:11:00,EST,DOEE-RCR01,STORET-1121486264,,,,"Temperature, water",None,20.82,deg C,,Final,,Actual,,,,,,,,,,,,,,,,,,,,,,,,,,,,,,,,,,,,,,,,,,,,,,,,,,,,,,,,,,,STORET
DOEE,District Of Columbia Department Of Energy And Environment-water Quality Division  (State),DOEE-TWB06_250916_0.1,2025-09-16,10:53:00,EST,DOEE-TWB06,STORET-1121485852,,,,"Temperature, water",None,19.79,deg C,,Final,,Actual,,,,,,,,,,,,,,,,,,,,,,,,,,,,,,,,,,,,,,,,,,,,,,,,,,,,,,,,,,,STORET
MDEDAT05_WQX,Maryland Department of Natural Resources,MDEDAT05_WQX-NBP0534:20250904132000:SR,2025-09-04,13:20:00,EDT,MDEDAT05_WQX-NBP0534,STORET-1126491001,,,,pH,,8.3,Molar,,Final,,Actual,,,,,,,,,,,,,,,,,,,,,,,,,,,,,,,,,,,,,,Unknown,MDEDAT05_WQX,Unknown,,,,,,,,,,,,,,,,,,,STORET
DOEE,District Of Columbia Department Of Energy And Environment-water Quality Division  (State),DOEE-RCR09_250929_0.1,2025-09-29,09:49:00,EST,DOEE-RCR09,STORET-1121486254,,,,pH,None,7.58,None,,Final,,Actual,,,,,,,,,,,,,,,,,,,,,,,,,,,,,,,,,,,,,,,,,,,,,,,,,,,,,,,,,,,STORET
DOEE,District Of Columbia Department Of Energy And Environment-water Quality Division  (State),DOEE-TPO01_250915_0.1,2025-09-15,11:05:00,EST,DOEE-TPO01,STORET-1121485705,,,,"Temperature, water",None,19.8,deg C,,Final,,Actual,,,,,,,,,,,,,,,,,,,,,,,,,,,,,,,,,,,,,,,,,,,,,,,,,,,,,,,,,,,STORET
MDE_FIELDSERVICES_WQX,Maryland Dept. of the Environment In House Water Data,MDE_FIELDSERVICES_WQX-LXT0252:202509231128:FM:0.1,2025-09-23,11:28:00,EDT,MDE_FIELDSERVICES_WQX-LXT0252,STORET-1125153342,,,,"Temperature, water",,22.7,deg C,,Final,,Actual,,,,,,,,,,,,,,,,,,,,,,,,,,,,,,,,,,,,,,2550 B,APHA,"2550 B ~ Temperature of Water, Laboratory and Field Methods",,,https://www.nemi.gov/methods/method_summary/9829/,,,,,,,,,,,,,,,,STORET
MDE_FIELDSERVICES_WQX,Maryland Dept. of the Environment In House Water Data,MDE_FIELDSERVICES_WQX-NLO0008:202509241055:FM:0.1,2025-09-24,10:55:00,EDT,MDE_FIELDSERVICES_WQX-NLO0008,STORET-1125144543,,,,"Temperature, water",,23.4,deg C,,Final,,Actual,,,,,,,,,,,,,,,,,,,,,,,,,,,,,,,,,,,,,,2550 B,APHA,"2550 B ~ Temperature of Water, Laboratory and Field Methods",,,https://www.nemi.gov/methods/method_summary/9829/,,,,,,,,,,,,,,,,STORET
DOEE,District Of Columbia Department Of Energy And Environment-water Quality Division  (State),DOEE-TTX27_250916_0.1,2025-09-16,10:21:00,EST,DOEE-TTX27,STORET-1121485794,,,,pH,None,7.47,None,,Final,,Actual,,,,,,,,,,,,,,,,,,,,,,,,,,,,,,,,,,,,,,,,,,,,,,,,,,,,,,,,,,,STORET
MDE_FIELDSERVICES_WQX,Maryland Dept. of the Environment In House Water Data,MDE_FIELDSERVICES_WQX-UEG0001:202509231036:FM:0.1,2025-09-23,10:36:00,EDT,MDE_FIELDSERVICES_WQX-UEG0001,STORET-1122072399,,,,pH,,7.4,None,,Final,,Actual,,,,,,,,,,,,,,,,,,,,,,,,,,,,,,,,,,,,,,4500-H+B,APHA,"4500 H+B ~ pH in Water by Potentiometry, pH Value in Water by Potentiometry Using a Standard Hydrogen Electrode",,,https://www.nemi.gov/methods/method_summary/4707/,,,,,,,,,,,,,,,,STORET
DOEE,District Of Columbia Department Of Energy And Environment-water Quality Division  (State),DOEE-TFC01_250916_0.1,2025-09-16,11:11:00,EST,DOEE-TFC01,STORET-1121485876,,,,pH,None,7.6,None,,Final,,Actual,,,,,,,,,,,,,,,,,,,,,,,,,,,,,,,,,,,,,,,,,,,,,,,,,,,,,,,,,,,STORET
MDE_FIELDSERVICES_WQX,Maryland Dept. of the Environment In House Water Data,MDE_FIELDSERVICES_WQX-GBL0016:202509251225:FM:0.1,2025-09-25,12:25:00,EDT,MDE_FIELDSERVICES_WQX-GBL0016,STORET-1122072527,,,,"Temperature, water",,21.8,deg C,,Final,,Actual,,,,,,,,,,,,,,,,,,,,,,,,,,,,,,,,,,,,,,2550 B,APHA,"2550 B ~ Temperature of Water, Laboratory and Field Methods",,,https://www.nemi.gov/methods/method_summary/9829/,,,,,,,,,,,,,,,,STORET
MDE_FIELDSERVICES_WQX,Maryland Dept. of the Environment In House Water Data,MDE_FIELDSERVICES_WQX-LPR0020:202509241020:FM:0.1,2025-09-24,10:20:00,EDT,MDE_FIELDSERVICES_WQX-LPR0020,STORET-1125164356,,,,pH,,8.3,None,,Final,,Actual,,,,,,,,,,,,,,,,,,,,,,,,,,,,,,,,,,,,,,4500-H+B,APHA,"4500 H+B ~ pH in Water by Potentiometry, pH Value in Water by Potentiometry Using a Standard Hydrogen Electrode",,,https://www.nemi.gov/methods/method_summary/4707/,,,,,,,,,,,,,,,,STORET
DOEE,District Of Columbia Department Of Energy And Environment-water Quality Division  (State),DOEE-TWB05_250916_0.1,2025-09-16,10:49:00,EST,DOEE-TWB05,STORET-1121485841,,,,pH,None,6.93,None,,Final,,Actual,,,,,,,,,,,,,,,,,,,,,,,,,,,,,,,,,,,,,,,,,,,,,,,,,,,,,,,,,,,STORET
MDE_FIELDSERVICES_WQX,Maryland Dept. of the Environment In House Water Data,MDE_FIELDSERVICES_WQX-UEG0005:202509231210:FM:0.1,2025-09-23,12:10:00,EDT,MDE_FIELDSERVICES_WQX-UEG0005,STORET-1122072354,,,,pH,,7.4,None,,Final,,Actual,,,,,,,,,,,,,,,,,,,,,,,,,,,,,,,,,,,,,,4500-H+B,APHA,"4500 H+B ~ pH in Water by Potentiometry, pH Value in Water by Potentiometry Using a Standard Hydrogen Electrode",,,https://www.nemi.gov/methods/method_summary/4707/,,,,,,,,,,,,,,,,STORET
MDE_FIELDSERVICES_WQX,Maryland Dept. of the Environment In House Water Data,MDE_FIELDSERVICES_WQX-LXT0252:202509231128:FM:0.1,2025-09-23,11:28:00,EDT,MDE_FIELDSERVICES_WQX-LXT0252,STORET-1125153339,,,,pH,,8.4,None,,Final,,Actual,,,,,,,,,,,,,,,,,,,,,,,,,,,,,,,,,,,,,,4500-H+B,APHA,"4500 H+B ~ pH in Water by Potentiometry, pH Value in Water by Potentiometry Using a Standard Hydrogen Electrode",,,https://www.nemi.gov/methods/method_summary/4707/,,,,,,,,,,,,,,,,STORET
MDE_FIELDSERVICES_WQX,Maryland Dept. of the Environment In House Water Data,MDE_FIELDSERVICES_WQX-GBL0016:202509251225:FM:0.1,2025-09-25,12:25:00,EDT,MDE_FIELDSERVICES_WQX-GBL0016,STORET-1125153488,,,,"Temperature, water",,21.8,deg C,,Final,,Actual,,,,,,,,,,,,,,,,,,,,,,,,,,,,,,,,,,,,,,2550 B,APHA,"2550 B ~ Temperature of Water, Laboratory and Field Methods",,,https://www.nemi.gov/methods/method_summary/9829/,,,,,,,,,,,,,,,,STORET
MDE_FIELDSERVICES_WQX,Maryland Dept. of the Environment In House Water Data,MDE_FIELDSERVICES_WQX-NLO0008:202509241055:FM:0.1,2025-09-24,10:55:00,EDT,MDE_FIELDSERVICES_WQX-NLO0008,STORET-1125144540,,,,pH,,7.1,None,,Final,,Actual,,,,,,,,,,,,,,,,,,,,,,,,,,,,,,,,,,,,,,4500-H+B,APHA,"4500 H+B ~ pH in Water by Potentiometry, pH Value in Water by Potentiometry Using a Standard Hydrogen Electrode",,,https://www.nemi.gov/methods/method_summary/4707/,,,,,,,,,,,,,,,,STORET
MDE_FIELDSERVICES_WQX,Maryland Dept. of the Environment In House Water Data,MDE_FIELDSERVICES_WQX-GBL0010:202509251350:FM:0.1,2025-09-25,13:50:00,EDT,MDE_FIELDSERVICES_WQX-GBL0010,STORET-1122073788,,,,pH,,8.3,None,,Final,,Actual,,,,,,,,,,,,,,,,,,,,,,,,,,,,,,,,,,,,,,4500-H+B,APHA,"4500 H+B ~ pH in Water by Potentiometry, pH Value in Water by Potentiometry Using a Standard Hydrogen Electrode",,,https://www.nemi.gov/methods/method_summary/4707/,,,,,,,,,,,,,,,,STORET