_id,cod_rete,Descrizione rete stazione,Cod tipologia rete,Cod ost appartenenza,Den ost appartenenza,Nat ost appartenenza cod,Nat ost appartenenza desc,cod_staz,Desc Staz,Cod tipologia staz,Desc tipologia staz,Tipo stazione,Cod Regione,Nome regione,Cod provincia,Nome prov,Cod comune,Nome comune,data,ANNO prelievo,inq,Desc inq,Metodo,Valore mis,um,gpi
1546,RMASU_R,RETE DI MONITORAGGIO ACQUE SUPERFICIALI DELLA REGIONE CAMPANIA,R02,,,,,Se,Ponte Corvo,S07,STAZIONE MONITORAGGIO ACQUE SUPERFICIALI,n.d.,015,CAMPANIA,062,BENEVENTO,062008,BENEVENTO,03/07/2024 00:00,2024,IC26,PH,,8.6,unità pH,PH - PH 
1573,RMASU_R,RETE DI MONITORAGGIO ACQUE SUPERFICIALI DELLA REGIONE CAMPANIA,R02,,,,,Se,Ponte Corvo,S07,STAZIONE MONITORAGGIO ACQUE SUPERFICIALI,n.d.,015,CAMPANIA,062,BENEVENTO,062008,BENEVENTO,03/07/2024 00:00,2024,P_TOT,FOSFORO TOTALE,,330,µg/L,CONC - CONCENTRAZIONE
1584,RMASU_R,RETE DI MONITORAGGIO ACQUE SUPERFICIALI DELLA REGIONE CAMPANIA,R02,,,,,Se,Ponte Corvo,S07,STAZIONE MONITORAGGIO ACQUE SUPERFICIALI,n.d.,015,CAMPANIA,062,BENEVENTO,062008,BENEVENTO,03/07/2024 00:00,2024,IC164,AZOTO NITRICO (COME N),,1.71,mg/L,CONC - CONCENTRAZIONE
1586,RMASU_R,RETE DI MONITORAGGIO ACQUE SUPERFICIALI DELLA REGIONE CAMPANIA,R02,,,,,Se,Ponte Corvo,S07,STAZIONE MONITORAGGIO ACQUE SUPERFICIALI,n.d.,015,CAMPANIA,062,BENEVENTO,062008,BENEVENTO,03/07/2024 00:00,2024,MI32,TEMPERATURA,,22.0,°C,TEMP - TEMPERATURA
1628,RMASU_R,RETE DI MONITORAGGIO ACQUE SUPERFICIALI DELLA REGIONE CAMPANIA,R02,,,,,Ta3,P.TE VALENTINO,S07,STAZIONE MONITORAGGIO ACQUE SUPERFICIALI,n.d.,015,CAMPANIA,062,BENEVENTO,062008,BENEVENTO,03/07/2024 00:00,2024,IC26,PH,,8.6,unità pH,PH - PH 
1647,RMASU_R,RETE DI MONITORAGGIO ACQUE SUPERFICIALI DELLA REGIONE CAMPANIA,R02,,,,,Ta3,P.TE VALENTINO,S07,STAZIONE MONITORAGGIO ACQUE SUPERFICIALI,n.d.,015,CAMPANIA,062,BENEVENTO,062008,BENEVENTO,03/07/2024 00:00,2024,P_TOT,FOSFORO TOTALE,,130,µg/L,CONC - CONCENTRAZIONE
1658,RMASU_R,RETE DI MONITORAGGIO ACQUE SUPERFICIALI DELLA REGIONE CAMPANIA,R02,,,,,Ta3,P.TE VALENTINO,S07,STAZIONE MONITORAGGIO ACQUE SUPERFICIALI,n.d.,015,CAMPANIA,062,BENEVENTO,062008,BENEVENTO,03/07/2024 00:00,2024,IC164,AZOTO NITRICO (COME N),,0.41,mg/L,CONC - CONCENTRAZIONE
1660,RMASU_R,RETE DI MONITORAGGIO ACQUE SUPERFICIALI DELLA REGIONE CAMPANIA,R02,,,,,Ta3,P.TE VALENTINO,S07,STAZIONE MONITORAGGIO ACQUE SUPERFICIALI,n.d.,015,CAMPANIA,062,BENEVENTO,062008,BENEVENTO,03/07/2024 00:00,2024,MI32,TEMPERATURA,,24.2,°C,TEMP - TEMPERATURA
2037,RMASU_R,RETE DI MONITORAGGIO ACQUE SUPERFICIALI DELLA REGIONE CAMPANIA,R02,,,,,C9,MASSERIA DI GIOIA,S07,STAZIONE MONITORAGGIO ACQUE SUPERFICIALI,n.d.,015,CAMPANIA,062,BENEVENTO,062030,FOGLIANISE,03/12/2024 00:00,2024,IC26,PH,,7.5,unità pH,PH - PH 
2060,RMASU_R,RETE DI MONITORAGGIO ACQUE SUPERFICIALI DELLA REGIONE CAMPANIA,R02,,,,,C9,MASSERIA DI GIOIA,S07,STAZIONE MONITORAGGIO ACQUE SUPERFICIALI,n.d.,015,CAMPANIA,062,BENEVENTO,062030,FOGLIANISE,03/12/2024 00:00,2024,MI32,TEMPERATURA,,12.1,°C,TEMP - TEMPERATURA
2372,RMASU_R,RETE DI MONITORAGGIO ACQUE SUPERFICIALI DELLA REGIONE CAMPANIA,R02,,,,,C9,MASSERIA DI GIOIA,S07,STAZIONE MONITORAGGIO ACQUE SUPERFICIALI,n.d.,015,CAMPANIA,062,BENEVENTO,062030,FOGLIANISE,04/09/2024 00:00,2024,IC26,PH,,8.2,unità pH,PH - PH 
2395,RMASU_R,RETE DI MONITORAGGIO ACQUE SUPERFICIALI DELLA REGIONE CAMPANIA,R02,,,,,C9,MASSERIA DI GIOIA,S07,STAZIONE MONITORAGGIO ACQUE SUPERFICIALI,n.d.,015,CAMPANIA,062,BENEVENTO,062030,FOGLIANISE,04/09/2024 00:00,2024,MI32,TEMPERATURA,,24,°C,TEMP - TEMPERATURA
5018,RMASU_R,RETE DI MONITORAGGIO ACQUE SUPERFICIALI DELLA REGIONE CAMPANIA,R02,,,,,C9,MASSERIA DI GIOIA,S07,STAZIONE MONITORAGGIO ACQUE SUPERFICIALI,n.d.,015,CAMPANIA,062,BENEVENTO,062030,FOGLIANISE,08/05/2024 00:00,2024,IC26,PH,,8.2,unità pH,PH - PH 
5105,RMASU_R,RETE DI MONITORAGGIO ACQUE SUPERFICIALI DELLA REGIONE CAMPANIA,R02,,,,,C9,MASSERIA DI GIOIA,S07,STAZIONE MONITORAGGIO ACQUE SUPERFICIALI,n.d.,015,CAMPANIA,062,BENEVENTO,062030,FOGLIANISE,08/05/2024 00:00,2024,P_TOT,FOSFORO TOTALE,,230,µg/L,CONC - CONCENTRAZIONE
5128,RMASU_R,RETE DI MONITORAGGIO ACQUE SUPERFICIALI DELLA REGIONE CAMPANIA,R02,,,,,C9,MASSERIA DI GIOIA,S07,STAZIONE MONITORAGGIO ACQUE SUPERFICIALI,n.d.,015,CAMPANIA,062,BENEVENTO,062030,FOGLIANISE,08/05/2024 00:00,2024,IC164,AZOTO NITRICO (COME N),,1.44,mg/L,CONC - CONCENTRAZIONE
5130,RMASU_R,RETE DI MONITORAGGIO ACQUE SUPERFICIALI DELLA REGIONE CAMPANIA,R02,,,,,C9,MASSERIA DI GIOIA,S07,STAZIONE MONITORAGGIO ACQUE SUPERFICIALI,n.d.,015,CAMPANIA,062,BENEVENTO,062030,FOGLIANISE,08/05/2024 00:00,2024,MI32,TEMPERATURA,,15.9,°C,TEMP - TEMPERATURA
5266,RMASU_R,RETE DI MONITORAGGIO ACQUE SUPERFICIALI DELLA REGIONE CAMPANIA,R02,,,,,S7,Ponte SP3,S07,STAZIONE MONITORAGGIO ACQUE SUPERFICIALI,n.d.,015,CAMPANIA,062,BENEVENTO,062022,CEPPALONI,08/05/2024 00:00,2024,IC26,PH,,8.3,unità pH,PH - PH 
5293,RMASU_R,RETE DI MONITORAGGIO ACQUE SUPERFICIALI DELLA REGIONE CAMPANIA,R02,,,,,S7,Ponte SP3,S07,STAZIONE MONITORAGGIO ACQUE SUPERFICIALI,n.d.,015,CAMPANIA,062,BENEVENTO,062022,CEPPALONI,08/05/2024 00:00,2024,P_TOT,FOSFORO TOTALE,,390,µg/L,CONC - CONCENTRAZIONE
5304,RMASU_R,RETE DI MONITORAGGIO ACQUE SUPERFICIALI DELLA REGIONE CAMPANIA,R02,,,,,S7,Ponte SP3,S07,STAZIONE MONITORAGGIO ACQUE SUPERFICIALI,n.d.,015,CAMPANIA,062,BENEVENTO,062022,CEPPALONI,08/05/2024 00:00,2024,IC164,AZOTO NITRICO (COME N),,2.30,mg/L,CONC - CONCENTRAZIONE
5306,RMASU_R,RETE DI MONITORAGGIO ACQUE SUPERFICIALI DELLA REGIONE CAMPANIA,R02,,,,,S7,Ponte SP3,S07,STAZIONE MONITORAGGIO ACQUE SUPERFICIALI,n.d.,015,CAMPANIA,062,BENEVENTO,062022,CEPPALONI,08/05/2024 00:00,2024,MI32,TEMPERATURA,,18.5,°C,TEMP - TEMPERATURA
5307,RMASU_R,RETE DI MONITORAGGIO ACQUE SUPERFICIALI DELLA REGIONE CAMPANIA,R02,,,,,Sn,Masseria Lepore (Deposito AMIU),S07,STAZIONE MONITORAGGIO ACQUE SUPERFICIALI,n.d.,015,CAMPANIA,062,BENEVENTO,062008,BENEVENTO,08/05/2024 00:00,2024,IC26,PH,,8.3,unità pH,PH - PH 
5326,RMASU_R,RETE DI MONITORAGGIO ACQUE SUPERFICIALI DELLA REGIONE CAMPANIA,R02,,,,,Sn,Masseria Lepore (Deposito AMIU),S07,STAZIONE MONITORAGGIO ACQUE SUPERFICIALI,n.d.,015,CAMPANIA,062,BENEVENTO,062008,BENEVENTO,08/05/2024 00:00,2024,P_TOT,FOSFORO TOTALE,,700,µg/L,CONC - CONCENTRAZIONE
5337,RMASU_R,RETE DI MONITORAGGIO ACQUE SUPERFICIALI DELLA REGIONE CAMPANIA,R02,,,,,Sn,Masseria Lepore (Deposito AMIU),S07,STAZIONE MONITORAGGIO ACQUE SUPERFICIALI,n.d.,015,CAMPANIA,062,BENEVENTO,062008,BENEVENTO,08/05/2024 00:00,2024,IC164,AZOTO NITRICO (COME N),,4.33,mg/L,CONC - CONCENTRAZIONE
5339,RMASU_R,RETE DI MONITORAGGIO ACQUE SUPERFICIALI DELLA REGIONE CAMPANIA,R02,,,,,Sn,Masseria Lepore (Deposito AMIU),S07,STAZIONE MONITORAGGIO ACQUE SUPERFICIALI,n.d.,015,CAMPANIA,062,BENEVENTO,062008,BENEVENTO,08/05/2024 00:00,2024,MI32,TEMPERATURA,,14.9,°C,TEMP - TEMPERATURA
5641,RMASU_R,RETE DI MONITORAGGIO ACQUE SUPERFICIALI DELLA REGIONE CAMPANIA,R02,,,,,C9,MASSERIA DI GIOIA,S07,STAZIONE MONITORAGGIO ACQUE SUPERFICIALI,n.d.,015,CAMPANIA,062,BENEVENTO,062030,FOGLIANISE,08/07/2024 00:00,2024,IC26,PH,,8.5,unità pH,PH - PH 
5728,RMASU_R,RETE DI MONITORAGGIO ACQUE SUPERFICIALI DELLA REGIONE CAMPANIA,R02,,,,,C9,MASSERIA DI GIOIA,S07,STAZIONE MONITORAGGIO ACQUE SUPERFICIALI,n.d.,015,CAMPANIA,062,BENEVENTO,062030,FOGLIANISE,08/07/2024 00:00,2024,P_TOT,FOSFORO TOTALE,,670,µg/L,CONC - CONCENTRAZIONE
5751,RMASU_R,RETE DI MONITORAGGIO ACQUE SUPERFICIALI DELLA REGIONE CAMPANIA,R02,,,,,C9,MASSERIA DI GIOIA,S07,STAZIONE MONITORAGGIO ACQUE SUPERFICIALI,n.d.,015,CAMPANIA,062,BENEVENTO,062030,FOGLIANISE,08/07/2024 00:00,2024,IC164,AZOTO NITRICO (COME N),,1.3,mg/L,CONC - CONCENTRAZIONE
5753,RMASU_R,RETE DI MONITORAGGIO ACQUE SUPERFICIALI DELLA REGIONE CAMPANIA,R02,,,,,C9,MASSERIA DI GIOIA,S07,STAZIONE MONITORAGGIO ACQUE SUPERFICIALI,n.d.,015,CAMPANIA,062,BENEVENTO,062030,FOGLIANISE,08/07/2024 00:00,2024,MI32,TEMPERATURA,,26.4,°C,TEMP - TEMPERATURA
5853,RMASU_R,RETE DI MONITORAGGIO ACQUE SUPERFICIALI DELLA REGIONE CAMPANIA,R02,,,,,S7,Ponte SP3,S07,STAZIONE MONITORAGGIO ACQUE SUPERFICIALI,n.d.,015,CAMPANIA,062,BENEVENTO,062022,CEPPALONI,08/07/2024 00:00,2024,IC26,PH,,8.6,unità pH,PH - PH 
5880,RMASU_R,RETE DI MONITORAGGIO ACQUE SUPERFICIALI DELLA REGIONE CAMPANIA,R02,,,,,S7,Ponte SP3,S07,STAZIONE MONITORAGGIO ACQUE SUPERFICIALI,n.d.,015,CAMPANIA,062,BENEVENTO,062022,CEPPALONI,08/07/2024 00:00,2024,P_TOT,FOSFORO TOTALE,,930,µg/L,CONC - CONCENTRAZIONE
5891,RMASU_R,RETE DI MONITORAGGIO ACQUE SUPERFICIALI DELLA REGIONE CAMPANIA,R02,,,,,S7,Ponte SP3,S07,STAZIONE MONITORAGGIO ACQUE SUPERFICIALI,n.d.,015,CAMPANIA,062,BENEVENTO,062022,CEPPALONI,08/07/2024 00:00,2024,IC164,AZOTO NITRICO (COME N),,1.70,mg/L,CONC - CONCENTRAZIONE
5893,RMASU_R,RETE DI MONITORAGGIO ACQUE SUPERFICIALI DELLA REGIONE CAMPANIA,R02,,,,,S7,Ponte SP3,S07,STAZIONE MONITORAGGIO ACQUE SUPERFICIALI,n.d.,015,CAMPANIA,062,BENEVENTO,062022,CEPPALONI,08/07/2024 00:00,2024,MI32,TEMPERATURA,,24.5,°C,TEMP - TEMPERATURA
5894,RMASU_R,RETE DI MONITORAGGIO ACQUE SUPERFICIALI DELLA REGIONE CAMPANIA,R02,,,,,Sn,Masseria Lepore (Deposito AMIU),S07,STAZIONE MONITORAGGIO ACQUE SUPERFICIALI,n.d.,015,CAMPANIA,062,BENEVENTO,062008,BENEVENTO,08/07/2024 00:00,2024,IC26,PH,,8.4,unità pH,PH - PH 
5913,RMASU_R,RETE DI MONITORAGGIO ACQUE SUPERFICIALI DELLA REGIONE CAMPANIA,R02,,,,,Sn,Masseria Lepore (Deposito AMIU),S07,STAZIONE MONITORAGGIO ACQUE SUPERFICIALI,n.d.,015,CAMPANIA,062,BENEVENTO,062008,BENEVENTO,08/07/2024 00:00,2024,P_TOT,FOSFORO TOTALE,,1330,µg/L,CONC - CONCENTRAZIONE
5924,RMASU_R,RETE DI MONITORAGGIO ACQUE SUPERFICIALI DELLA REGIONE CAMPANIA,R02,,,,,Sn,Masseria Lepore (Deposito AMIU),S07,STAZIONE MONITORAGGIO ACQUE SUPERFICIALI,n.d.,015,CAMPANIA,062,BENEVENTO,062008,BENEVENTO,08/07/2024 00:00,2024,IC164,AZOTO NITRICO (COME N),,2.94,mg/L,CONC - CONCENTRAZIONE
5926,RMASU_R,RETE DI MONITORAGGIO ACQUE SUPERFICIALI DELLA REGIONE CAMPANIA,R02,,,,,Sn,Masseria Lepore (Deposito AMIU),S07,STAZIONE MONITORAGGIO ACQUE SUPERFICIALI,n.d.,015,CAMPANIA,062,BENEVENTO,062008,BENEVENTO,08/07/2024 00:00,2024,MI32,TEMPERATURA,,20.3,°C,TEMP - TEMPERATURA
7017,RMASU_R,RETE DI MONITORAGGIO ACQUE SUPERFICIALI DELLA REGIONE CAMPANIA,R02,,,,,S8,PONTE LEPROSO,S07,STAZIONE MONITORAGGIO ACQUE SUPERFICIALI,n.d.,015,CAMPANIA,062,BENEVENTO,062008,BENEVENTO,10/01/2024 00:00,2024,IC26,PH,,8.2,unità pH,PH - PH 
7043,RMASU_R,RETE DI MONITORAGGIO ACQUE SUPERFICIALI DELLA REGIONE CAMPANIA,R02,,,,,S8,PONTE LEPROSO,S07,STAZIONE MONITORAGGIO ACQUE SUPERFICIALI,n.d.,015,CAMPANIA,062,BENEVENTO,062008,BENEVENTO,10/01/2024 00:00,2024,IC164,AZOTO NITRICO (COME N),,2.57,mg/L,CONC - CONCENTRAZIONE
7044,RMASU_R,RETE DI MONITORAGGIO ACQUE SUPERFICIALI DELLA REGIONE CAMPANIA,R02,,,,,S8,PONTE LEPROSO,S07,STAZIONE MONITORAGGIO ACQUE SUPERFICIALI,n.d.,015,CAMPANIA,062,BENEVENTO,062008,BENEVENTO,10/01/2024 00:00,2024,P_TOT,FOSFORO TOTALE,,0.35,mg/L (P),CONC - CONCENTRAZIONE
7046,RMASU_R,RETE DI MONITORAGGIO ACQUE SUPERFICIALI DELLA REGIONE CAMPANIA,R02,,,,,S8,PONTE LEPROSO,S07,STAZIONE MONITORAGGIO ACQUE SUPERFICIALI,n.d.,015,CAMPANIA,062,BENEVENTO,062008,BENEVENTO,10/01/2024 00:00,2024,MI32,TEMPERATURA,,11.8,°C,TEMP - TEMPERATURA
9721,RMASU_R,RETE DI MONITORAGGIO ACQUE SUPERFICIALI DELLA REGIONE CAMPANIA,R02,,,,,S8,PONTE LEPROSO,S07,STAZIONE MONITORAGGIO ACQUE SUPERFICIALI,n.d.,015,CAMPANIA,062,BENEVENTO,062008,BENEVENTO,13/05/2024 00:00,2024,IC26,PH,,8.4,unità pH,PH - PH 
9748,RMASU_R,RETE DI MONITORAGGIO ACQUE SUPERFICIALI DELLA REGIONE CAMPANIA,R02,,,,,S8,PONTE LEPROSO,S07,STAZIONE MONITORAGGIO ACQUE SUPERFICIALI,n.d.,015,CAMPANIA,062,BENEVENTO,062008,BENEVENTO,13/05/2024 00:00,2024,P_TOT,FOSFORO TOTALE,,500,µg/L,CONC - CONCENTRAZIONE
9759,RMASU_R,RETE DI MONITORAGGIO ACQUE SUPERFICIALI DELLA REGIONE CAMPANIA,R02,,,,,S8,PONTE LEPROSO,S07,STAZIONE MONITORAGGIO ACQUE SUPERFICIALI,n.d.,015,CAMPANIA,062,BENEVENTO,062008,BENEVENTO,13/05/2024 00:00,2024,IC164,AZOTO NITRICO (COME N),,2.24,mg/L,CONC - CONCENTRAZIONE
9761,RMASU_R,RETE DI MONITORAGGIO ACQUE SUPERFICIALI DELLA REGIONE CAMPANIA,R02,,,,,S8,PONTE LEPROSO,S07,STAZIONE MONITORAGGIO ACQUE SUPERFICIALI,n.d.,015,CAMPANIA,062,BENEVENTO,062008,BENEVENTO,13/05/2024 00:00,2024,MI32,TEMPERATURA,,18.7,°C,TEMP - TEMPERATURA
9851,RMASU_R,RETE DI MONITORAGGIO ACQUE SUPERFICIALI DELLA REGIONE CAMPANIA,R02,,,,,C9,MASSERIA DI GIOIA,S07,STAZIONE MONITORAGGIO ACQUE SUPERFICIALI,n.d.,015,CAMPANIA,062,BENEVENTO,062030,FOGLIANISE,13/11/2024 00:00,2024,IC26,PH,,7.0,unità pH,PH - PH 
9876,RMASU_R,RETE DI MONITORAGGIO ACQUE SUPERFICIALI DELLA REGIONE CAMPANIA,R02,,,,,C9,MASSERIA DI GIOIA,S07,STAZIONE MONITORAGGIO ACQUE SUPERFICIALI,n.d.,015,CAMPANIA,062,BENEVENTO,062030,FOGLIANISE,13/11/2024 00:00,2024,IC164,AZOTO NITRICO (COME N),,2.92,mg/L,CONC - CONCENTRAZIONE
9877,RMASU_R,RETE DI MONITORAGGIO ACQUE SUPERFICIALI DELLA REGIONE CAMPANIA,R02,,,,,C9,MASSERIA DI GIOIA,S07,STAZIONE MONITORAGGIO ACQUE SUPERFICIALI,n.d.,015,CAMPANIA,062,BENEVENTO,062030,FOGLIANISE,13/11/2024 00:00,2024,MI32,TEMPERATURA,,14.3,°C,TEMP - TEMPERATURA
10460,RMASU_R,RETE DI MONITORAGGIO ACQUE SUPERFICIALI DELLA REGIONE CAMPANIA,R02,,,,,S8,PONTE LEPROSO,S07,STAZIONE MONITORAGGIO ACQUE SUPERFICIALI,n.d.,015,CAMPANIA,062,BENEVENTO,062008,BENEVENTO,14/10/2024 00:00,2024,MI32,TEMPERATURA,,16.9,°C,TEMP - TEMPERATURA
10503,RMASU_R,RETE DI MONITORAGGIO ACQUE SUPERFICIALI DELLA REGIONE CAMPANIA,R02,,,,,S8,PONTE LEPROSO,S07,STAZIONE MONITORAGGIO ACQUE SUPERFICIALI,n.d.,015,CAMPANIA,062,BENEVENTO,062008,BENEVENTO,14/10/2024 00:00,2024,P_TOT,FOSFORO TOTALE,,580,µg/L,CONC - CONCENTRAZIONE
10513,RMASU_R,RETE DI MONITORAGGIO ACQUE SUPERFICIALI DELLA REGIONE CAMPANIA,R02,,,,,S8,PONTE LEPROSO,S07,STAZIONE MONITORAGGIO ACQUE SUPERFICIALI,n.d.,015,CAMPANIA,062,BENEVENTO,062008,BENEVENTO,14/10/2024 00:00,2024,IC164,AZOTO NITRICO (COME N),,3.20,mg/L,CONC - CONCENTRAZIONE
10515,RMASU_R,RETE DI MONITORAGGIO ACQUE SUPERFICIALI DELLA REGIONE CAMPANIA,R02,,,,,Sn,Masseria Lepore (Deposito AMIU),S07,STAZIONE MONITORAGGIO ACQUE SUPERFICIALI,n.d.,015,CAMPANIA,062,BENEVENTO,062008,BENEVENTO,14/10/2024 00:00,2024,MI32,TEMPERATURA,,16.7,°C,TEMP - TEMPERATURA
10534,RMASU_R,RETE DI MONITORAGGIO ACQUE SUPERFICIALI DELLA REGIONE CAMPANIA,R02,,,,,Sn,Masseria Lepore (Deposito AMIU),S07,STAZIONE MONITORAGGIO ACQUE SUPERFICIALI,n.d.,015,CAMPANIA,062,BENEVENTO,062008,BENEVENTO,14/10/2024 00:00,2024,P_TOT,FOSFORO TOTALE,,770,µg/L,CONC - CONCENTRAZIONE
10544,RMASU_R,RETE DI MONITORAGGIO ACQUE SUPERFICIALI DELLA REGIONE CAMPANIA,R02,,,,,Sn,Masseria Lepore (Deposito AMIU),S07,STAZIONE MONITORAGGIO ACQUE SUPERFICIALI,n.d.,015,CAMPANIA,062,BENEVENTO,062008,BENEVENTO,14/10/2024 00:00,2024,IC164,AZOTO NITRICO (COME N),,4.73,mg/L,CONC - CONCENTRAZIONE
11528,RMASU_R,RETE DI MONITORAGGIO ACQUE SUPERFICIALI DELLA REGIONE CAMPANIA,R02,,,,,C9,MASSERIA DI GIOIA,S07,STAZIONE MONITORAGGIO ACQUE SUPERFICIALI,n.d.,015,CAMPANIA,062,BENEVENTO,062030,FOGLIANISE,15/10/2024 00:00,2024,MI32,TEMPERATURA,,18.3,°C,TEMP - TEMPERATURA
11615,RMASU_R,RETE DI MONITORAGGIO ACQUE SUPERFICIALI DELLA REGIONE CAMPANIA,R02,,,,,C9,MASSERIA DI GIOIA,S07,STAZIONE MONITORAGGIO ACQUE SUPERFICIALI,n.d.,015,CAMPANIA,062,BENEVENTO,062030,FOGLIANISE,15/10/2024 00:00,2024,P_TOT,FOSFORO TOTALE,,300,µg/L,CONC - CONCENTRAZIONE
11637,RMASU_R,RETE DI MONITORAGGIO ACQUE SUPERFICIALI DELLA REGIONE CAMPANIA,R02,,,,,C9,MASSERIA DI GIOIA,S07,STAZIONE MONITORAGGIO ACQUE SUPERFICIALI,n.d.,015,CAMPANIA,062,BENEVENTO,062030,FOGLIANISE,15/10/2024 00:00,2024,IC164,AZOTO NITRICO (COME N),,1.72,mg/L,CONC - CONCENTRAZIONE
11677,RMASU_R,RETE DI MONITORAGGIO ACQUE SUPERFICIALI DELLA REGIONE CAMPANIA,R02,,,,,S7,Ponte SP3,S07,STAZIONE MONITORAGGIO ACQUE SUPERFICIALI,n.d.,015,CAMPANIA,062,BENEVENTO,062022,CEPPALONI,15/10/2024 00:00,2024,MI32,TEMPERATURA,,17.9,°C,TEMP - TEMPERATURA
11704,RMASU_R,RETE DI MONITORAGGIO ACQUE SUPERFICIALI DELLA REGIONE CAMPANIA,R02,,,,,S7,Ponte SP3,S07,STAZIONE MONITORAGGIO ACQUE SUPERFICIALI,n.d.,015,CAMPANIA,062,BENEVENTO,062022,CEPPALONI,15/10/2024 00:00,2024,P_TOT,FOSFORO TOTALE,,410,µg/L,CONC - CONCENTRAZIONE
11714,RMASU_R,RETE DI MONITORAGGIO ACQUE SUPERFICIALI DELLA REGIONE CAMPANIA,R02,,,,,S7,Ponte SP3,S07,STAZIONE MONITORAGGIO ACQUE SUPERFICIALI,n.d.,015,CAMPANIA,062,BENEVENTO,062022,CEPPALONI,15/10/2024 00:00,2024,IC164,AZOTO NITRICO (COME N),,3.0,mg/L,CONC - CONCENTRAZIONE
11967,RMASU_R,RETE DI MONITORAGGIO ACQUE SUPERFICIALI DELLA REGIONE CAMPANIA,R02,,,,,S7,Ponte SP3,S07,STAZIONE MONITORAGGIO ACQUE SUPERFICIALI,n.d.,015,CAMPANIA,062,BENEVENTO,062022,CEPPALONI,16/01/2024 00:00,2024,IC26,PH,,8.0,unità pH,PH - PH 
11995,RMASU_R,RETE DI MONITORAGGIO ACQUE SUPERFICIALI DELLA REGIONE CAMPANIA,R02,,,,,S7,Ponte SP3,S07,STAZIONE MONITORAGGIO ACQUE SUPERFICIALI,n.d.,015,CAMPANIA,062,BENEVENTO,062022,CEPPALONI,16/01/2024 00:00,2024,IC164,AZOTO NITRICO (COME N),,2.03,mg/L,CONC - CONCENTRAZIONE
11996,RMASU_R,RETE DI MONITORAGGIO ACQUE SUPERFICIALI DELLA REGIONE CAMPANIA,R02,,,,,S7,Ponte SP3,S07,STAZIONE MONITORAGGIO ACQUE SUPERFICIALI,n.d.,015,CAMPANIA,062,BENEVENTO,062022,CEPPALONI,16/01/2024 00:00,2024,P_TOT,FOSFORO TOTALE,,0.56,mg/L (P),CONC - CONCENTRAZIONE
11998,RMASU_R,RETE DI MONITORAGGIO ACQUE SUPERFICIALI DELLA REGIONE CAMPANIA,R02,,,,,S7,Ponte SP3,S07,STAZIONE MONITORAGGIO ACQUE SUPERFICIALI,n.d.,015,CAMPANIA,062,BENEVENTO,062022,CEPPALONI,16/01/2024 00:00,2024,MI32,TEMPERATURA,,10.6,°C,TEMP - TEMPERATURA
12136,RMASU_R,RETE DI MONITORAGGIO ACQUE SUPERFICIALI DELLA REGIONE CAMPANIA,R02,,,,,S7,Ponte SP3,S07,STAZIONE MONITORAGGIO ACQUE SUPERFICIALI,n.d.,015,CAMPANIA,062,BENEVENTO,062022,CEPPALONI,16/01/2024 11:20,2024,P_TOT,FOSFORO TOTALE,TestsMethods,.56,mg/L (P),CONC - CONCENTRAZIONE
12139,RMASU_R,RETE DI MONITORAGGIO ACQUE SUPERFICIALI DELLA REGIONE CAMPANIA,R02,,,,,C9,MASSERIA DI GIOIA,S07,STAZIONE MONITORAGGIO ACQUE SUPERFICIALI,n.d.,015,CAMPANIA,062,BENEVENTO,062030,FOGLIANISE,16/04/2024 00:00,2024,IC26,PH,,8.2,unità pH,PH - PH 
12163,RMASU_R,RETE DI MONITORAGGIO ACQUE SUPERFICIALI DELLA REGIONE CAMPANIA,R02,,,,,C9,MASSERIA DI GIOIA,S07,STAZIONE MONITORAGGIO ACQUE SUPERFICIALI,n.d.,015,CAMPANIA,062,BENEVENTO,062030,FOGLIANISE,16/04/2024 00:00,2024,MI32,TEMPERATURA,,17.0,°C,TEMP - TEMPERATURA
14060,RMASU_R,RETE DI MONITORAGGIO ACQUE SUPERFICIALI DELLA REGIONE CAMPANIA,R02,,,,,C9,MASSERIA DI GIOIA,S07,STAZIONE MONITORAGGIO ACQUE SUPERFICIALI,n.d.,015,CAMPANIA,062,BENEVENTO,062030,FOGLIANISE,17/06/2024 00:00,2024,IC26,PH,,8.7,unità pH,PH - PH 
14084,RMASU_R,RETE DI MONITORAGGIO ACQUE SUPERFICIALI DELLA REGIONE CAMPANIA,R02,,,,,C9,MASSERIA DI GIOIA,S07,STAZIONE MONITORAGGIO ACQUE SUPERFICIALI,n.d.,015,CAMPANIA,062,BENEVENTO,062030,FOGLIANISE,17/06/2024 00:00,2024,MI32,TEMPERATURA,,24.0,°C,TEMP - TEMPERATURA
15931,RMASU_R,RETE DI MONITORAGGIO ACQUE SUPERFICIALI DELLA REGIONE CAMPANIA,R02,,,,,Se,Ponte Corvo,S07,STAZIONE MONITORAGGIO ACQUE SUPERFICIALI,n.d.,015,CAMPANIA,062,BENEVENTO,062008,BENEVENTO,21/05/2024 00:00,2024,IC26,PH,,8.1,unità pH,PH - PH 
15958,RMASU_R,RETE DI MONITORAGGIO ACQUE SUPERFICIALI DELLA REGIONE CAMPANIA,R02,,,,,Se,Ponte Corvo,S07,STAZIONE MONITORAGGIO ACQUE SUPERFICIALI,n.d.,015,CAMPANIA,062,BENEVENTO,062008,BENEVENTO,21/05/2024 00:00,2024,P_TOT,FOSFORO TOTALE,,270,µg/L,CONC - CONCENTRAZIONE
15969,RMASU_R,RETE DI MONITORAGGIO ACQUE SUPERFICIALI DELLA REGIONE CAMPANIA,R02,,,,,Se,Ponte Corvo,S07,STAZIONE MONITORAGGIO ACQUE SUPERFICIALI,n.d.,015,CAMPANIA,062,BENEVENTO,062008,BENEVENTO,21/05/2024 00:00,2024,IC164,AZOTO NITRICO (COME N),,1.05,mg/L,CONC - CONCENTRAZIONE
15971,RMASU_R,RETE DI MONITORAGGIO ACQUE SUPERFICIALI DELLA REGIONE CAMPANIA,R02,,,,,Se,Ponte Corvo,S07,STAZIONE MONITORAGGIO ACQUE SUPERFICIALI,n.d.,015,CAMPANIA,062,BENEVENTO,062008,BENEVENTO,21/05/2024 00:00,2024,MI32,TEMPERATURA,,18.6,°C,TEMP - TEMPERATURA
16029,RMASU_R,RETE DI MONITORAGGIO ACQUE SUPERFICIALI DELLA REGIONE CAMPANIA,R02,,,,,Ta3,P.TE VALENTINO,S07,STAZIONE MONITORAGGIO ACQUE SUPERFICIALI,n.d.,015,CAMPANIA,062,BENEVENTO,062008,BENEVENTO,21/05/2024 00:00,2024,IC26,PH,,8.1,unità pH,PH - PH 
16056,RMASU_R,RETE DI MONITORAGGIO ACQUE SUPERFICIALI DELLA REGIONE CAMPANIA,R02,,,,,Ta3,P.TE VALENTINO,S07,STAZIONE MONITORAGGIO ACQUE SUPERFICIALI,n.d.,015,CAMPANIA,062,BENEVENTO,062008,BENEVENTO,21/05/2024 00:00,2024,P_TOT,FOSFORO TOTALE,,210,µg/L,CONC - CONCENTRAZIONE
16067,RMASU_R,RETE DI MONITORAGGIO ACQUE SUPERFICIALI DELLA REGIONE CAMPANIA,R02,,,,,Ta3,P.TE VALENTINO,S07,STAZIONE MONITORAGGIO ACQUE SUPERFICIALI,n.d.,015,CAMPANIA,062,BENEVENTO,062008,BENEVENTO,21/05/2024 00:00,2024,IC164,AZOTO NITRICO (COME N),,0.55,mg/L,CONC - CONCENTRAZIONE
16069,RMASU_R,RETE DI MONITORAGGIO ACQUE SUPERFICIALI DELLA REGIONE CAMPANIA,R02,,,,,Ta3,P.TE VALENTINO,S07,STAZIONE MONITORAGGIO ACQUE SUPERFICIALI,n.d.,015,CAMPANIA,062,BENEVENTO,062008,BENEVENTO,21/05/2024 00:00,2024,MI32,TEMPERATURA,,19.2,°C,TEMP - TEMPERATURA
16358,RMASU_R,RETE DI MONITORAGGIO ACQUE SUPERFICIALI DELLA REGIONE CAMPANIA,R02,,,,,C9,MASSERIA DI GIOIA,S07,STAZIONE MONITORAGGIO ACQUE SUPERFICIALI,n.d.,015,CAMPANIA,062,BENEVENTO,062030,FOGLIANISE,22/01/2024 00:00,2024,IC26,PH,,7.6,unità pH,PH - PH 
16445,RMASU_R,RETE DI MONITORAGGIO ACQUE SUPERFICIALI DELLA REGIONE CAMPANIA,R02,,,,,C9,MASSERIA DI GIOIA,S07,STAZIONE MONITORAGGIO ACQUE SUPERFICIALI,n.d.,015,CAMPANIA,062,BENEVENTO,062030,FOGLIANISE,22/01/2024 00:00,2024,P_TOT,FOSFORO TOTALE,,270,µg/L,CONC - CONCENTRAZIONE
16467,RMASU_R,RETE DI MONITORAGGIO ACQUE SUPERFICIALI DELLA REGIONE CAMPANIA,R02,,,,,C9,MASSERIA DI GIOIA,S07,STAZIONE MONITORAGGIO ACQUE SUPERFICIALI,n.d.,015,CAMPANIA,062,BENEVENTO,062030,FOGLIANISE,22/01/2024 00:00,2024,IC164,AZOTO NITRICO (COME N),,1.9,mg/L,CONC - CONCENTRAZIONE
16469,RMASU_R,RETE DI MONITORAGGIO ACQUE SUPERFICIALI DELLA REGIONE CAMPANIA,R02,,,,,C9,MASSERIA DI GIOIA,S07,STAZIONE MONITORAGGIO ACQUE SUPERFICIALI,n.d.,015,CAMPANIA,062,BENEVENTO,062030,FOGLIANISE,22/01/2024 00:00,2024,MI32,TEMPERATURA,,6.1,°C,TEMP - TEMPERATURA
16478,RMASU_R,RETE DI MONITORAGGIO ACQUE SUPERFICIALI DELLA REGIONE CAMPANIA,R02,,,,,Sn,Masseria Lepore (Deposito AMIU),S07,STAZIONE MONITORAGGIO ACQUE SUPERFICIALI,n.d.,015,CAMPANIA,062,BENEVENTO,062008,BENEVENTO,22/01/2024 00:00,2024,IC26,PH,,7.0,unità pH,PH - PH 
16497,RMASU_R,RETE DI MONITORAGGIO ACQUE SUPERFICIALI DELLA REGIONE CAMPANIA,R02,,,,,Sn,Masseria Lepore (Deposito AMIU),S07,STAZIONE MONITORAGGIO ACQUE SUPERFICIALI,n.d.,015,CAMPANIA,062,BENEVENTO,062008,BENEVENTO,22/01/2024 00:00,2024,P_TOT,FOSFORO TOTALE,,710,µg/L,CONC - CONCENTRAZIONE
16507,RMASU_R,RETE DI MONITORAGGIO ACQUE SUPERFICIALI DELLA REGIONE CAMPANIA,R02,,,,,Sn,Masseria Lepore (Deposito AMIU),S07,STAZIONE MONITORAGGIO ACQUE SUPERFICIALI,n.d.,015,CAMPANIA,062,BENEVENTO,062008,BENEVENTO,22/01/2024 00:00,2024,IC164,AZOTO NITRICO (COME N),,4.06,mg/L,CONC - CONCENTRAZIONE
16509,RMASU_R,RETE DI MONITORAGGIO ACQUE SUPERFICIALI DELLA REGIONE CAMPANIA,R02,,,,,Sn,Masseria Lepore (Deposito AMIU),S07,STAZIONE MONITORAGGIO ACQUE SUPERFICIALI,n.d.,015,CAMPANIA,062,BENEVENTO,062008,BENEVENTO,22/01/2024 00:00,2024,MI32,TEMPERATURA,,7.6,°C,TEMP - TEMPERATURA
16587,RMASU_R,RETE DI MONITORAGGIO ACQUE SUPERFICIALI DELLA REGIONE CAMPANIA,R02,,,,,Ta3,P.TE VALENTINO,S07,STAZIONE MONITORAGGIO ACQUE SUPERFICIALI,n.d.,015,CAMPANIA,062,BENEVENTO,062008,BENEVENTO,22/01/2024 00:00,2024,IC26,PH,,7.0,unità pH,PH - PH 
16605,RMASU_R,RETE DI MONITORAGGIO ACQUE SUPERFICIALI DELLA REGIONE CAMPANIA,R02,,,,,Ta3,P.TE VALENTINO,S07,STAZIONE MONITORAGGIO ACQUE SUPERFICIALI,n.d.,015,CAMPANIA,062,BENEVENTO,062008,BENEVENTO,22/01/2024 00:00,2024,P_TOT,FOSFORO TOTALE,,480,µg/L,CONC - CONCENTRAZIONE
16615,RMASU_R,RETE DI MONITORAGGIO ACQUE SUPERFICIALI DELLA REGIONE CAMPANIA,R02,,,,,Ta3,P.TE VALENTINO,S07,STAZIONE MONITORAGGIO ACQUE SUPERFICIALI,n.d.,015,CAMPANIA,062,BENEVENTO,062008,BENEVENTO,22/01/2024 00:00,2024,IC164,AZOTO NITRICO (COME N),,2.1,mg/L,CONC - CONCENTRAZIONE
16617,RMASU_R,RETE DI MONITORAGGIO ACQUE SUPERFICIALI DELLA REGIONE CAMPANIA,R02,,,,,Ta3,P.TE VALENTINO,S07,STAZIONE MONITORAGGIO ACQUE SUPERFICIALI,n.d.,015,CAMPANIA,062,BENEVENTO,062008,BENEVENTO,22/01/2024 00:00,2024,MI32,TEMPERATURA,,6.7,°C,TEMP - TEMPERATURA
17440,RMASU_R,RETE DI MONITORAGGIO ACQUE SUPERFICIALI DELLA REGIONE CAMPANIA,R02,,,,,Se,Ponte Corvo,S07,STAZIONE MONITORAGGIO ACQUE SUPERFICIALI,n.d.,015,CAMPANIA,062,BENEVENTO,062008,BENEVENTO,23/01/2024 00:00,2024,IC26,PH,,7.8,unità pH,PH - PH 
17458,RMASU_R,RETE DI MONITORAGGIO ACQUE SUPERFICIALI DELLA REGIONE CAMPANIA,R02,,,,,Se,Ponte Corvo,S07,STAZIONE MONITORAGGIO ACQUE SUPERFICIALI,n.d.,015,CAMPANIA,062,BENEVENTO,062008,BENEVENTO,23/01/2024 00:00,2024,P_TOT,FOSFORO TOTALE,,140,µg/L,CONC - CONCENTRAZIONE
17468,RMASU_R,RETE DI MONITORAGGIO ACQUE SUPERFICIALI DELLA REGIONE CAMPANIA,R02,,,,,Se,Ponte Corvo,S07,STAZIONE MONITORAGGIO ACQUE SUPERFICIALI,n.d.,015,CAMPANIA,062,BENEVENTO,062008,BENEVENTO,23/01/2024 00:00,2024,IC164,AZOTO NITRICO (COME N),,1.02,mg/L,CONC - CONCENTRAZIONE
17470,RMASU_R,RETE DI MONITORAGGIO ACQUE SUPERFICIALI DELLA REGIONE CAMPANIA,R02,,,,,Se,Ponte Corvo,S07,STAZIONE MONITORAGGIO ACQUE SUPERFICIALI,n.d.,015,CAMPANIA,062,BENEVENTO,062008,BENEVENTO,23/01/2024 00:00,2024,MI32,TEMPERATURA,,6.7,°C,TEMP - TEMPERATURA
18511,RMASU_R,RETE DI MONITORAGGIO ACQUE SUPERFICIALI DELLA REGIONE CAMPANIA,R02,,,,,S8,PONTE LEPROSO,S07,STAZIONE MONITORAGGIO ACQUE SUPERFICIALI,n.d.,015,CAMPANIA,062,BENEVENTO,062008,BENEVENTO,24/06/2024 00:00,2024,IC26,PH,,8.7,unità pH,PH - PH 
18554,RMASU_R,RETE DI MONITORAGGIO ACQUE SUPERFICIALI DELLA REGIONE CAMPANIA,R02,,,,,S8,PONTE LEPROSO,S07,STAZIONE MONITORAGGIO ACQUE SUPERFICIALI,n.d.,015,CAMPANIA,062,BENEVENTO,062008,BENEVENTO,24/06/2024 00:00,2024,P_TOT,FOSFORO TOTALE,,1060,µg/L,CONC - CONCENTRAZIONE
18565,RMASU_R,RETE DI MONITORAGGIO ACQUE SUPERFICIALI DELLA REGIONE CAMPANIA,R02,,,,,S8,PONTE LEPROSO,S07,STAZIONE MONITORAGGIO ACQUE SUPERFICIALI,n.d.,015,CAMPANIA,062,BENEVENTO,062008,BENEVENTO,24/06/2024 00:00,2024,IC164,AZOTO NITRICO (COME N),,1.96,mg/L,CONC - CONCENTRAZIONE
18567,RMASU_R,RETE DI MONITORAGGIO ACQUE SUPERFICIALI DELLA REGIONE CAMPANIA,R02,,,,,S8,PONTE LEPROSO,S07,STAZIONE MONITORAGGIO ACQUE SUPERFICIALI,n.d.,015,CAMPANIA,062,BENEVENTO,062008,BENEVENTO,24/06/2024 00:00,2024,MI32,TEMPERATURA,,24,°C,TEMP - TEMPERATURA
19246,RMASU_R,RETE DI MONITORAGGIO ACQUE SUPERFICIALI DELLA REGIONE CAMPANIA,R02,,,,,C9,MASSERIA DI GIOIA,S07,STAZIONE MONITORAGGIO ACQUE SUPERFICIALI,n.d.,015,CAMPANIA,062,BENEVENTO,062030,FOGLIANISE,24/09/2024 00:00,2024,MI32,TEMPERATURA,,21.5,°C,TEMP - TEMPERATURA
19314,RMASU_R,RETE DI MONITORAGGIO ACQUE SUPERFICIALI DELLA REGIONE CAMPANIA,R02,,,,,C9,MASSERIA DI GIOIA,S07,STAZIONE MONITORAGGIO ACQUE SUPERFICIALI,n.d.,015,CAMPANIA,062,BENEVENTO,062030,FOGLIANISE,25/03/2024 00:00,2024,IC26,PH,,8.2,unità pH,PH - PH 
19338,RMASU_R,RETE DI MONITORAGGIO ACQUE SUPERFICIALI DELLA REGIONE CAMPANIA,R02,,,,,C9,MASSERIA DI GIOIA,S07,STAZIONE MONITORAGGIO ACQUE SUPERFICIALI,n.d.,015,CAMPANIA,062,BENEVENTO,062030,FOGLIANISE,25/03/2024 00:00,2024,MI32,TEMPERATURA,,12.4,°C,TEMP - TEMPERATURA
20424,RMASU_R,RETE DI MONITORAGGIO ACQUE SUPERFICIALI DELLA REGIONE CAMPANIA,R02,,,,,C9,MASSERIA DI GIOIA,S07,STAZIONE MONITORAGGIO ACQUE SUPERFICIALI,n.d.,015,CAMPANIA,062,BENEVENTO,062030,FOGLIANISE,27/02/2024 00:00,2024,IC26,PH,,6.9,unità pH,PH - PH 
20447,RMASU_R,RETE DI MONITORAGGIO ACQUE SUPERFICIALI DELLA REGIONE CAMPANIA,R02,,,,,C9,MASSERIA DI GIOIA,S07,STAZIONE MONITORAGGIO ACQUE SUPERFICIALI,n.d.,015,CAMPANIA,062,BENEVENTO,062030,FOGLIANISE,27/02/2024 00:00,2024,MI32,TEMPERATURA,,10.3,°C,TEMP - TEMPERATURA
21635,RMASU_R,RETE DI MONITORAGGIO ACQUE SUPERFICIALI DELLA REGIONE CAMPANIA,R02,,,,,Se,Ponte Corvo,S07,STAZIONE MONITORAGGIO ACQUE SUPERFICIALI,n.d.,015,CAMPANIA,062,BENEVENTO,062008,BENEVENTO,28/10/2024 00:00,2024,MI32,TEMPERATURA,,18.1,°C,TEMP - TEMPERATURA
21662,RMASU_R,RETE DI MONITORAGGIO ACQUE SUPERFICIALI DELLA REGIONE CAMPANIA,R02,,,,,Se,Ponte Corvo,S07,STAZIONE MONITORAGGIO ACQUE SUPERFICIALI,n.d.,015,CAMPANIA,062,BENEVENTO,062008,BENEVENTO,28/10/2024 00:00,2024,P_TOT,FOSFORO TOTALE,,180,µg/L,CONC - CONCENTRAZIONE
21672,RMASU_R,RETE DI MONITORAGGIO ACQUE SUPERFICIALI DELLA REGIONE CAMPANIA,R02,,,,,Se,Ponte Corvo,S07,STAZIONE MONITORAGGIO ACQUE SUPERFICIALI,n.d.,015,CAMPANIA,062,BENEVENTO,062008,BENEVENTO,28/10/2024 00:00,2024,IC164,AZOTO NITRICO (COME N),,1.36,mg/L,CONC - CONCENTRAZIONE
21713,RMASU_R,RETE DI MONITORAGGIO ACQUE SUPERFICIALI DELLA REGIONE CAMPANIA,R02,,,,,Ta3,P.TE VALENTINO,S07,STAZIONE MONITORAGGIO ACQUE SUPERFICIALI,n.d.,015,CAMPANIA,062,BENEVENTO,062008,BENEVENTO,28/10/2024 00:00,2024,MI32,TEMPERATURA,,19.2,°C,TEMP - TEMPERATURA
21740,RMASU_R,RETE DI MONITORAGGIO ACQUE SUPERFICIALI DELLA REGIONE CAMPANIA,R02,,,,,Ta3,P.TE VALENTINO,S07,STAZIONE MONITORAGGIO ACQUE SUPERFICIALI,n.d.,015,CAMPANIA,062,BENEVENTO,062008,BENEVENTO,28/10/2024 00:00,2024,P_TOT,FOSFORO TOTALE,,120,µg/L,CONC - CONCENTRAZIONE
21750,RMASU_R,RETE DI MONITORAGGIO ACQUE SUPERFICIALI DELLA REGIONE CAMPANIA,R02,,,,,Ta3,P.TE VALENTINO,S07,STAZIONE MONITORAGGIO ACQUE SUPERFICIALI,n.d.,015,CAMPANIA,062,BENEVENTO,062008,BENEVENTO,28/10/2024 00:00,2024,IC164,AZOTO NITRICO (COME N),,0.73,mg/L,CONC - CONCENTRAZIONE
622,RMASU_R,RETE DI MONITORAGGIO ACQUE SUPERFICIALI DELLA REGIONE CAMPANIA,R02,,,,,S7,MASSERIA PARRELLA,S07,STAZIONE MONITORAGGIO ACQUE SUPERFICIALI,n.d.,015,CAMPANIA,062,BENEVENTO,062022,CEPPALONI,13/01/2025 11:15,2025,IC26,PH,TestsMethods,7.5,unità pH,CONC - CONCENTRAZIONE
623,RMASU_R,RETE DI MONITORAGGIO ACQUE SUPERFICIALI DELLA REGIONE CAMPANIA,R02,,,,,S7,MASSERIA PARRELLA,S07,STAZIONE MONITORAGGIO ACQUE SUPERFICIALI,n.d.,015,CAMPANIA,062,BENEVENTO,062022,CEPPALONI,13/01/2025 11:15,2025,MI32,TEMPERATURA,TestsMethods,9.4,°C,TEMP - TEMPERATURA
1427,RMASU_R,RETE DI MONITORAGGIO ACQUE SUPERFICIALI DELLA REGIONE CAMPANIA,R02,,,,,S7,MASSERIA PARRELLA,S07,STAZIONE MONITORAGGIO ACQUE SUPERFICIALI,n.d.,015,CAMPANIA,062,BENEVENTO,062022,CEPPALONI,07/04/2025 10:15,2025,IC26,PH,TestsMethods,8.1,unità pH,CONC - CONCENTRAZIONE
1428,RMASU_R,RETE DI MONITORAGGIO ACQUE SUPERFICIALI DELLA REGIONE CAMPANIA,R02,,,,,S7,MASSERIA PARRELLA,S07,STAZIONE MONITORAGGIO ACQUE SUPERFICIALI,n.d.,015,CAMPANIA,062,BENEVENTO,062022,CEPPALONI,07/04/2025 10:15,2025,MI32,TEMPERATURA,TestsMethods,10,°C,TEMP - TEMPERATURA
1860,RMASU_R,RETE DI MONITORAGGIO ACQUE SUPERFICIALI DELLA REGIONE CAMPANIA,R02,,,,,C9,MASSERIA DI GIOIA,S07,STAZIONE MONITORAGGIO ACQUE SUPERFICIALI,n.d.,015,CAMPANIA,062,BENEVENTO,062030,FOGLIANISE,12/02/2025 11:20,2025,P_TOT,FOSFORO TOTALE,TestsMethods,160,µg/L,CONC - CONCENTRAZIONE
1871,RMASU_R,RETE DI MONITORAGGIO ACQUE SUPERFICIALI DELLA REGIONE CAMPANIA,R02,,,,,C9,MASSERIA DI GIOIA,S07,STAZIONE MONITORAGGIO ACQUE SUPERFICIALI,n.d.,015,CAMPANIA,062,BENEVENTO,062030,FOGLIANISE,12/02/2025 11:20,2025,IC164,AZOTO NITRICO (COME N),TestsMethods,1.78,mg/L,CONC - CONCENTRAZIONE
1872,RMASU_R,RETE DI MONITORAGGIO ACQUE SUPERFICIALI DELLA REGIONE CAMPANIA,R02,,,,,C9,MASSERIA DI GIOIA,S07,STAZIONE MONITORAGGIO ACQUE SUPERFICIALI,n.d.,015,CAMPANIA,062,BENEVENTO,062030,FOGLIANISE,12/02/2025 11:20,2025,IC26,PH,TestsMethods,8.4,unità pH,CONC - CONCENTRAZIONE
1874,RMASU_R,RETE DI MONITORAGGIO ACQUE SUPERFICIALI DELLA REGIONE CAMPANIA,R02,,,,,C9,MASSERIA DI GIOIA,S07,STAZIONE MONITORAGGIO ACQUE SUPERFICIALI,n.d.,015,CAMPANIA,062,BENEVENTO,062030,FOGLIANISE,12/02/2025 11:20,2025,MI32,TEMPERATURA,TestsMethods,9,°C,TEMP - TEMPERATURA
2103,RMASU_R,RETE DI MONITORAGGIO ACQUE SUPERFICIALI DELLA REGIONE CAMPANIA,R02,,,,,S8,PONTE LEPROSO,S07,STAZIONE MONITORAGGIO ACQUE SUPERFICIALI,n.d.,015,CAMPANIA,062,BENEVENTO,062008,BENEVENTO,17/02/2025 10:25,2025,P_TOT,FOSFORO TOTALE,TestsMethods,380,µg/L,CONC - CONCENTRAZIONE
2114,RMASU_R,RETE DI MONITORAGGIO ACQUE SUPERFICIALI DELLA REGIONE CAMPANIA,R02,,,,,S8,PONTE LEPROSO,S07,STAZIONE MONITORAGGIO ACQUE SUPERFICIALI,n.d.,015,CAMPANIA,062,BENEVENTO,062008,BENEVENTO,17/02/2025 10:25,2025,IC164,AZOTO NITRICO (COME N),TestsMethods,2.2,mg/L,CONC - CONCENTRAZIONE
2115,RMASU_R,RETE DI MONITORAGGIO ACQUE SUPERFICIALI DELLA REGIONE CAMPANIA,R02,,,,,S8,PONTE LEPROSO,S07,STAZIONE MONITORAGGIO ACQUE SUPERFICIALI,n.d.,015,CAMPANIA,062,BENEVENTO,062008,BENEVENTO,17/02/2025 10:25,2025,IC26,PH,TestsMethods,8.3,unità pH,CONC - CONCENTRAZIONE
2117,RMASU_R,RETE DI MONITORAGGIO ACQUE SUPERFICIALI DELLA REGIONE CAMPANIA,R02,,,,,S8,PONTE LEPROSO,S07,STAZIONE MONITORAGGIO ACQUE SUPERFICIALI,n.d.,015,CAMPANIA,062,BENEVENTO,062008,BENEVENTO,17/02/2025 10:25,2025,MI32,TEMPERATURA,TestsMethods,10.1,°C,TEMP - TEMPERATURA
2258,RMASU_R,RETE DI MONITORAGGIO ACQUE SUPERFICIALI DELLA REGIONE CAMPANIA,R02,,,,,S7,MASSERIA PARRELLA,S07,STAZIONE MONITORAGGIO ACQUE SUPERFICIALI,n.d.,015,CAMPANIA,062,BENEVENTO,062022,CEPPALONI,18/02/2025 10:45,2025,P_TOT,FOSFORO TOTALE,TestsMethods,250,µg/L,CONC - CONCENTRAZIONE
2269,RMASU_R,RETE DI MONITORAGGIO ACQUE SUPERFICIALI DELLA REGIONE CAMPANIA,R02,,,,,S7,MASSERIA PARRELLA,S07,STAZIONE MONITORAGGIO ACQUE SUPERFICIALI,n.d.,015,CAMPANIA,062,BENEVENTO,062022,CEPPALONI,18/02/2025 10:45,2025,IC164,AZOTO NITRICO (COME N),TestsMethods,2.02,mg/L,CONC - CONCENTRAZIONE
2270,RMASU_R,RETE DI MONITORAGGIO ACQUE SUPERFICIALI DELLA REGIONE CAMPANIA,R02,,,,,S7,MASSERIA PARRELLA,S07,STAZIONE MONITORAGGIO ACQUE SUPERFICIALI,n.d.,015,CAMPANIA,062,BENEVENTO,062022,CEPPALONI,18/02/2025 10:45,2025,IC26,PH,TestsMethods,8.3,unità pH,CONC - CONCENTRAZIONE
2272,RMASU_R,RETE DI MONITORAGGIO ACQUE SUPERFICIALI DELLA REGIONE CAMPANIA,R02,,,,,S7,MASSERIA PARRELLA,S07,STAZIONE MONITORAGGIO ACQUE SUPERFICIALI,n.d.,015,CAMPANIA,062,BENEVENTO,062022,CEPPALONI,18/02/2025 10:45,2025,MI32,TEMPERATURA,TestsMethods,10.4,°C,TEMP - TEMPERATURA
2398,RMASU_R,RETE DI MONITORAGGIO ACQUE SUPERFICIALI DELLA REGIONE CAMPANIA,R02,,,,,Se,Ponte Corvo,S07,STAZIONE MONITORAGGIO ACQUE SUPERFICIALI,n.d.,015,CAMPANIA,062,BENEVENTO,062008,BENEVENTO,18/03/2025 10:15,2025,P_TOT,FOSFORO TOTALE,TestsMethods,70,µg/L,CONC - CONCENTRAZIONE
2409,RMASU_R,RETE DI MONITORAGGIO ACQUE SUPERFICIALI DELLA REGIONE CAMPANIA,R02,,,,,Se,Ponte Corvo,S07,STAZIONE MONITORAGGIO ACQUE SUPERFICIALI,n.d.,015,CAMPANIA,062,BENEVENTO,062008,BENEVENTO,18/03/2025 10:15,2025,IC164,AZOTO NITRICO (COME N),TestsMethods,.71,mg/L,CONC - CONCENTRAZIONE
2410,RMASU_R,RETE DI MONITORAGGIO ACQUE SUPERFICIALI DELLA REGIONE CAMPANIA,R02,,,,,Se,Ponte Corvo,S07,STAZIONE MONITORAGGIO ACQUE SUPERFICIALI,n.d.,015,CAMPANIA,062,BENEVENTO,062008,BENEVENTO,18/03/2025 10:15,2025,IC26,PH,TestsMethods,8.5,unità pH,CONC - CONCENTRAZIONE
2411,RMASU_R,RETE DI MONITORAGGIO ACQUE SUPERFICIALI DELLA REGIONE CAMPANIA,R02,,,,,Se,Ponte Corvo,S07,STAZIONE MONITORAGGIO ACQUE SUPERFICIALI,n.d.,015,CAMPANIA,062,BENEVENTO,062008,BENEVENTO,18/03/2025 10:15,2025,MI32,TEMPERATURA,TestsMethods,10,°C,TEMP - TEMPERATURA
2503,RMASU_R,RETE DI MONITORAGGIO ACQUE SUPERFICIALI DELLA REGIONE CAMPANIA,R02,,,,,Sn,Masseria Lepore (Deposito AMIU),S07,STAZIONE MONITORAGGIO ACQUE SUPERFICIALI,n.d.,015,CAMPANIA,062,BENEVENTO,062008,BENEVENTO,20/01/2025 10:10,2025,P_TOT,FOSFORO TOTALE,TestsMethods,490,µg/L,CONC - CONCENTRAZIONE
2513,RMASU_R,RETE DI MONITORAGGIO ACQUE SUPERFICIALI DELLA REGIONE CAMPANIA,R02,,,,,Sn,Masseria Lepore (Deposito AMIU),S07,STAZIONE MONITORAGGIO ACQUE SUPERFICIALI,n.d.,015,CAMPANIA,062,BENEVENTO,062008,BENEVENTO,20/01/2025 10:10,2025,IC164,AZOTO NITRICO (COME N),TestsMethods,3.88,mg/L,CONC - CONCENTRAZIONE
2514,RMASU_R,RETE DI MONITORAGGIO ACQUE SUPERFICIALI DELLA REGIONE CAMPANIA,R02,,,,,Sn,Masseria Lepore (Deposito AMIU),S07,STAZIONE MONITORAGGIO ACQUE SUPERFICIALI,n.d.,015,CAMPANIA,062,BENEVENTO,062008,BENEVENTO,20/01/2025 10:10,2025,IC26,PH,TestsMethods,7.5,unità pH,CONC - CONCENTRAZIONE
2516,RMASU_R,RETE DI MONITORAGGIO ACQUE SUPERFICIALI DELLA REGIONE CAMPANIA,R02,,,,,Sn,Masseria Lepore (Deposito AMIU),S07,STAZIONE MONITORAGGIO ACQUE SUPERFICIALI,n.d.,015,CAMPANIA,062,BENEVENTO,062008,BENEVENTO,20/01/2025 10:10,2025,MI32,TEMPERATURA,TestsMethods,10.4,°C,TEMP - TEMPERATURA
3128,RMASU_R,RETE DI MONITORAGGIO ACQUE SUPERFICIALI DELLA REGIONE CAMPANIA,R02,,,,,Sn,Masseria Lepore (Deposito AMIU),S07,STAZIONE MONITORAGGIO ACQUE SUPERFICIALI,n.d.,015,CAMPANIA,062,BENEVENTO,062008,BENEVENTO,01/10/2025 09:20,2025,P_TOT,FOSFORO TOTALE,TestsMethods,1040,µg/L,CONC - CONCENTRAZIONE
3139,RMASU_R,RETE DI MONITORAGGIO ACQUE SUPERFICIALI DELLA REGIONE CAMPANIA,R02,,,,,Sn,Masseria Lepore (Deposito AMIU),S07,STAZIONE MONITORAGGIO ACQUE SUPERFICIALI,n.d.,015,CAMPANIA,062,BENEVENTO,062008,BENEVENTO,01/10/2025 09:20,2025,IC164,AZOTO NITRICO (COME N),TestsMethods,4.77,mg/L,CONC - CONCENTRAZIONE
3141,RMASU_R,RETE DI MONITORAGGIO ACQUE SUPERFICIALI DELLA REGIONE CAMPANIA,R02,,,,,Sn,Masseria Lepore (Deposito AMIU),S07,STAZIONE MONITORAGGIO ACQUE SUPERFICIALI,n.d.,015,CAMPANIA,062,BENEVENTO,062008,BENEVENTO,01/10/2025 09:20,2025,MI32,TEMPERATURA,TestsMethods,15.5,°C,TEMP - TEMPERATURA
3169,RMASU_R,RETE DI MONITORAGGIO ACQUE SUPERFICIALI DELLA REGIONE CAMPANIA,R02,,,,,S8,PONTE LEPROSO,S07,STAZIONE MONITORAGGIO ACQUE SUPERFICIALI,n.d.,015,CAMPANIA,062,BENEVENTO,062008,BENEVENTO,01/10/2025 10:15,2025,P_TOT,FOSFORO TOTALE,TestsMethods,780,µg/L,CONC - CONCENTRAZIONE
3180,RMASU_R,RETE DI MONITORAGGIO ACQUE SUPERFICIALI DELLA REGIONE CAMPANIA,R02,,,,,S8,PONTE LEPROSO,S07,STAZIONE MONITORAGGIO ACQUE SUPERFICIALI,n.d.,015,CAMPANIA,062,BENEVENTO,062008,BENEVENTO,01/10/2025 10:15,2025,IC164,AZOTO NITRICO (COME N),TestsMethods,3,mg/L,CONC - CONCENTRAZIONE
3182,RMASU_R,RETE DI MONITORAGGIO ACQUE SUPERFICIALI DELLA REGIONE CAMPANIA,R02,,,,,S8,PONTE LEPROSO,S07,STAZIONE MONITORAGGIO ACQUE SUPERFICIALI,n.d.,015,CAMPANIA,062,BENEVENTO,062008,BENEVENTO,01/10/2025 10:15,2025,MI32,TEMPERATURA,TestsMethods,17.8,°C,TEMP - TEMPERATURA
5861,RMASU_R,RETE DI MONITORAGGIO ACQUE SUPERFICIALI DELLA REGIONE CAMPANIA,R02,,,,,S8,PONTE LEPROSO,S07,STAZIONE MONITORAGGIO ACQUE SUPERFICIALI,n.d.,015,CAMPANIA,062,BENEVENTO,062008,BENEVENTO,07/07/2025 10:00,2025,P_TOT,FOSFORO TOTALE,TestsMethods,1590,µg/L,CONC - CONCENTRAZIONE
5872,RMASU_R,RETE DI MONITORAGGIO ACQUE SUPERFICIALI DELLA REGIONE CAMPANIA,R02,,,,,S8,PONTE LEPROSO,S07,STAZIONE MONITORAGGIO ACQUE SUPERFICIALI,n.d.,015,CAMPANIA,062,BENEVENTO,062008,BENEVENTO,07/07/2025 10:00,2025,IC164,AZOTO NITRICO (COME N),TestsMethods,1.94,mg/L,CONC - CONCENTRAZIONE
5873,RMASU_R,RETE DI MONITORAGGIO ACQUE SUPERFICIALI DELLA REGIONE CAMPANIA,R02,,,,,S8,PONTE LEPROSO,S07,STAZIONE MONITORAGGIO ACQUE SUPERFICIALI,n.d.,015,CAMPANIA,062,BENEVENTO,062008,BENEVENTO,07/07/2025 10:00,2025,IC26,PH,TestsMethods,8.73,unità pH,CONC - CONCENTRAZIONE
5875,RMASU_R,RETE DI MONITORAGGIO ACQUE SUPERFICIALI DELLA REGIONE CAMPANIA,R02,,,,,S8,PONTE LEPROSO,S07,STAZIONE MONITORAGGIO ACQUE SUPERFICIALI,n.d.,015,CAMPANIA,062,BENEVENTO,062008,BENEVENTO,07/07/2025 10:00,2025,MI32,TEMPERATURA,TestsMethods,25,°C,TEMP - TEMPERATURA
6911,RMASU_R,RETE DI MONITORAGGIO ACQUE SUPERFICIALI DELLA REGIONE CAMPANIA,R02,,,,,S7,MASSERIA PARRELLA,S07,STAZIONE MONITORAGGIO ACQUE SUPERFICIALI,n.d.,015,CAMPANIA,062,BENEVENTO,062022,CEPPALONI,09/12/2025 10:45,2025,MI32,TEMPERATURA,TestsMethods,12.3,°C,TEMP - TEMPERATURA
8493,RMASU_R,RETE DI MONITORAGGIO ACQUE SUPERFICIALI DELLA REGIONE CAMPANIA,R02,,,,,Ta3,P.TE VALENTINO,S07,STAZIONE MONITORAGGIO ACQUE SUPERFICIALI,n.d.,015,CAMPANIA,062,BENEVENTO,062008,BENEVENTO,14/07/2025 11:00,2025,P_TOT,FOSFORO TOTALE,TestsMethods,150,µg/L,CONC - CONCENTRAZIONE
8504,RMASU_R,RETE DI MONITORAGGIO ACQUE SUPERFICIALI DELLA REGIONE CAMPANIA,R02,,,,,Ta3,P.TE VALENTINO,S07,STAZIONE MONITORAGGIO ACQUE SUPERFICIALI,n.d.,015,CAMPANIA,062,BENEVENTO,062008,BENEVENTO,14/07/2025 11:00,2025,IC164,AZOTO NITRICO (COME N),TestsMethods,0.97,mg/L,CONC - CONCENTRAZIONE
8506,RMASU_R,RETE DI MONITORAGGIO ACQUE SUPERFICIALI DELLA REGIONE CAMPANIA,R02,,,,,Ta3,P.TE VALENTINO,S07,STAZIONE MONITORAGGIO ACQUE SUPERFICIALI,n.d.,015,CAMPANIA,062,BENEVENTO,062008,BENEVENTO,14/07/2025 11:00,2025,MI32,TEMPERATURA,TestsMethods,23.7,°C,TEMP - TEMPERATURA
8659,RMASU_R,RETE DI MONITORAGGIO ACQUE SUPERFICIALI DELLA REGIONE CAMPANIA,R02,,,,,Ta3,P.TE VALENTINO,S07,STAZIONE MONITORAGGIO ACQUE SUPERFICIALI,n.d.,015,CAMPANIA,062,BENEVENTO,062008,BENEVENTO,14/10/2025 10:00,2025,P_TOT,FOSFORO TOTALE,TestsMethods,230,µg/L,CONC - CONCENTRAZIONE
8670,RMASU_R,RETE DI MONITORAGGIO ACQUE SUPERFICIALI DELLA REGIONE CAMPANIA,R02,,,,,Ta3,P.TE VALENTINO,S07,STAZIONE MONITORAGGIO ACQUE SUPERFICIALI,n.d.,015,CAMPANIA,062,BENEVENTO,062008,BENEVENTO,14/10/2025 10:00,2025,IC164,AZOTO NITRICO (COME N),TestsMethods,1.67,mg/L,CONC - CONCENTRAZIONE
8672,RMASU_R,RETE DI MONITORAGGIO ACQUE SUPERFICIALI DELLA REGIONE CAMPANIA,R02,,,,,Ta3,P.TE VALENTINO,S07,STAZIONE MONITORAGGIO ACQUE SUPERFICIALI,n.d.,015,CAMPANIA,062,BENEVENTO,062008,BENEVENTO,14/10/2025 10:00,2025,MI32,TEMPERATURA,TestsMethods,14.3,°C,TEMP - TEMPERATURA
9557,RMASU_R,RETE DI MONITORAGGIO ACQUE SUPERFICIALI DELLA REGIONE CAMPANIA,R02,,,,,S7,MASSERIA PARRELLA,S07,STAZIONE MONITORAGGIO ACQUE SUPERFICIALI,n.d.,015,CAMPANIA,062,BENEVENTO,062022,CEPPALONI,15/09/2025 10:25,2025,IC26,PH,TestsMethods,n.d.,unità pH,CONC - CONCENTRAZIONE
9558,RMASU_R,RETE DI MONITORAGGIO ACQUE SUPERFICIALI DELLA REGIONE CAMPANIA,R02,,,,,S7,MASSERIA PARRELLA,S07,STAZIONE MONITORAGGIO ACQUE SUPERFICIALI,n.d.,015,CAMPANIA,062,BENEVENTO,062022,CEPPALONI,15/09/2025 10:25,2025,MI32,TEMPERATURA,TestsMethods,20.6,°C,TEMP - TEMPERATURA
11655,RMASU_R,RETE DI MONITORAGGIO ACQUE SUPERFICIALI DELLA REGIONE CAMPANIA,R02,,,,,S7,MASSERIA PARRELLA,S07,STAZIONE MONITORAGGIO ACQUE SUPERFICIALI,n.d.,015,CAMPANIA,062,BENEVENTO,062022,CEPPALONI,19/11/2025 11:10,2025,MI32,TEMPERATURA,TestsMethods,13.3,°C,TEMP - TEMPERATURA
11721,RMASU_R,RETE DI MONITORAGGIO ACQUE SUPERFICIALI DELLA REGIONE CAMPANIA,R02,,,,,Ta3,P.TE VALENTINO,S07,STAZIONE MONITORAGGIO ACQUE SUPERFICIALI,n.d.,015,CAMPANIA,062,BENEVENTO,062008,BENEVENTO,20/01/2025 09:45,2025,P_TOT,FOSFORO TOTALE,TestsMethods,70,µg/L,CONC - CONCENTRAZIONE
11731,RMASU_R,RETE DI MONITORAGGIO ACQUE SUPERFICIALI DELLA REGIONE CAMPANIA,R02,,,,,Ta3,P.TE VALENTINO,S07,STAZIONE MONITORAGGIO ACQUE SUPERFICIALI,n.d.,015,CAMPANIA,062,BENEVENTO,062008,BENEVENTO,20/01/2025 09:45,2025,IC164,AZOTO NITRICO (COME N),TestsMethods,2.32,mg/L,CONC - CONCENTRAZIONE
11732,RMASU_R,RETE DI MONITORAGGIO ACQUE SUPERFICIALI DELLA REGIONE CAMPANIA,R02,,,,,Ta3,P.TE VALENTINO,S07,STAZIONE MONITORAGGIO ACQUE SUPERFICIALI,n.d.,015,CAMPANIA,062,BENEVENTO,062008,BENEVENTO,20/01/2025 09:45,2025,IC26,PH,TestsMethods,7.5,unità pH,CONC - CONCENTRAZIONE
11733,RMASU_R,RETE DI MONITORAGGIO ACQUE SUPERFICIALI DELLA REGIONE CAMPANIA,R02,,,,,Ta3,P.TE VALENTINO,S07,STAZIONE MONITORAGGIO ACQUE SUPERFICIALI,n.d.,015,CAMPANIA,062,BENEVENTO,062008,BENEVENTO,20/01/2025 09:45,2025,MI32,TEMPERATURA,TestsMethods,11.5,°C,TEMP - TEMPERATURA
12353,RMASU_R,RETE DI MONITORAGGIO ACQUE SUPERFICIALI DELLA REGIONE CAMPANIA,R02,,,,,S7,MASSERIA PARRELLA,S07,STAZIONE MONITORAGGIO ACQUE SUPERFICIALI,n.d.,015,CAMPANIA,062,BENEVENTO,062022,CEPPALONI,20/10/2025 11:00,2025,P_TOT,FOSFORO TOTALE,TestsMethods,780,µg/L,CONC - CONCENTRAZIONE
12363,RMASU_R,RETE DI MONITORAGGIO ACQUE SUPERFICIALI DELLA REGIONE CAMPANIA,R02,,,,,S7,MASSERIA PARRELLA,S07,STAZIONE MONITORAGGIO ACQUE SUPERFICIALI,n.d.,015,CAMPANIA,062,BENEVENTO,062022,CEPPALONI,20/10/2025 11:00,2025,IC164,AZOTO NITRICO (COME N),TestsMethods,2.62,mg/L,CONC - CONCENTRAZIONE
12769,RMASU_R,RETE DI MONITORAGGIO ACQUE SUPERFICIALI DELLA REGIONE CAMPANIA,R02,,,,,Sn,Masseria Lepore (Deposito AMIU),S07,STAZIONE MONITORAGGIO ACQUE SUPERFICIALI,n.d.,015,CAMPANIA,062,BENEVENTO,062008,BENEVENTO,21/05/2025 09:30,2025,P_TOT,FOSFORO TOTALE,TestsMethods,1160,µg/L,CONC - CONCENTRAZIONE
12780,RMASU_R,RETE DI MONITORAGGIO ACQUE SUPERFICIALI DELLA REGIONE CAMPANIA,R02,,,,,Sn,Masseria Lepore (Deposito AMIU),S07,STAZIONE MONITORAGGIO ACQUE SUPERFICIALI,n.d.,015,CAMPANIA,062,BENEVENTO,062008,BENEVENTO,21/05/2025 09:30,2025,IC164,AZOTO NITRICO (COME N),TestsMethods,4.04,mg/L,CONC - CONCENTRAZIONE
12781,RMASU_R,RETE DI MONITORAGGIO ACQUE SUPERFICIALI DELLA REGIONE CAMPANIA,R02,,,,,Sn,Masseria Lepore (Deposito AMIU),S07,STAZIONE MONITORAGGIO ACQUE SUPERFICIALI,n.d.,015,CAMPANIA,062,BENEVENTO,062008,BENEVENTO,21/05/2025 09:30,2025,IC26,PH,TestsMethods,8.5,unità pH,CONC - CONCENTRAZIONE
12783,RMASU_R,RETE DI MONITORAGGIO ACQUE SUPERFICIALI DELLA REGIONE CAMPANIA,R02,,,,,Sn,Masseria Lepore (Deposito AMIU),S07,STAZIONE MONITORAGGIO ACQUE SUPERFICIALI,n.d.,015,CAMPANIA,062,BENEVENTO,062008,BENEVENTO,21/05/2025 09:30,2025,MI32,TEMPERATURA,TestsMethods,15.8,°C,TEMP - TEMPERATURA
12864,RMASU_R,RETE DI MONITORAGGIO ACQUE SUPERFICIALI DELLA REGIONE CAMPANIA,R02,,,,,S8,PONTE LEPROSO,S07,STAZIONE MONITORAGGIO ACQUE SUPERFICIALI,n.d.,015,CAMPANIA,062,BENEVENTO,062008,BENEVENTO,21/05/2025 10:40,2025,P_TOT,FOSFORO TOTALE,TestsMethods,770,µg/L,CONC - CONCENTRAZIONE
12875,RMASU_R,RETE DI MONITORAGGIO ACQUE SUPERFICIALI DELLA REGIONE CAMPANIA,R02,,,,,S8,PONTE LEPROSO,S07,STAZIONE MONITORAGGIO ACQUE SUPERFICIALI,n.d.,015,CAMPANIA,062,BENEVENTO,062008,BENEVENTO,21/05/2025 10:40,2025,IC164,AZOTO NITRICO (COME N),TestsMethods,3,mg/L,CONC - CONCENTRAZIONE
12876,RMASU_R,RETE DI MONITORAGGIO ACQUE SUPERFICIALI DELLA REGIONE CAMPANIA,R02,,,,,S8,PONTE LEPROSO,S07,STAZIONE MONITORAGGIO ACQUE SUPERFICIALI,n.d.,015,CAMPANIA,062,BENEVENTO,062008,BENEVENTO,21/05/2025 10:40,2025,IC26,PH,TestsMethods,8.8,unità pH,CONC - CONCENTRAZIONE
12878,RMASU_R,RETE DI MONITORAGGIO ACQUE SUPERFICIALI DELLA REGIONE CAMPANIA,R02,,,,,S8,PONTE LEPROSO,S07,STAZIONE MONITORAGGIO ACQUE SUPERFICIALI,n.d.,015,CAMPANIA,062,BENEVENTO,062008,BENEVENTO,21/05/2025 10:40,2025,MI32,TEMPERATURA,TestsMethods,18.4,°C,TEMP - TEMPERATURA
13822,RMASU_R,RETE DI MONITORAGGIO ACQUE SUPERFICIALI DELLA REGIONE CAMPANIA,R02,,,,,Se,Ponte Corvo,S07,STAZIONE MONITORAGGIO ACQUE SUPERFICIALI,n.d.,015,CAMPANIA,062,BENEVENTO,062008,BENEVENTO,22/07/2025 09:20,2025,P_TOT,FOSFORO TOTALE,TestsMethods,120,µg/L,CONC - CONCENTRAZIONE
13833,RMASU_R,RETE DI MONITORAGGIO ACQUE SUPERFICIALI DELLA REGIONE CAMPANIA,R02,,,,,Se,Ponte Corvo,S07,STAZIONE MONITORAGGIO ACQUE SUPERFICIALI,n.d.,015,CAMPANIA,062,BENEVENTO,062008,BENEVENTO,22/07/2025 09:20,2025,IC164,AZOTO NITRICO (COME N),TestsMethods,1,mg/L,CONC - CONCENTRAZIONE
13834,RMASU_R,RETE DI MONITORAGGIO ACQUE SUPERFICIALI DELLA REGIONE CAMPANIA,R02,,,,,Se,Ponte Corvo,S07,STAZIONE MONITORAGGIO ACQUE SUPERFICIALI,n.d.,015,CAMPANIA,062,BENEVENTO,062008,BENEVENTO,22/07/2025 09:20,2025,IC26,PH,TestsMethods,n.d,unità pH,CONC - CONCENTRAZIONE
13836,RMASU_R,RETE DI MONITORAGGIO ACQUE SUPERFICIALI DELLA REGIONE CAMPANIA,R02,,,,,Se,Ponte Corvo,S07,STAZIONE MONITORAGGIO ACQUE SUPERFICIALI,n.d.,015,CAMPANIA,062,BENEVENTO,062008,BENEVENTO,22/07/2025 09:20,2025,MI32,TEMPERATURA,TestsMethods,23.6,°C,TEMP - TEMPERATURA
13906,RMASU_R,RETE DI MONITORAGGIO ACQUE SUPERFICIALI DELLA REGIONE CAMPANIA,R02,,,,,S7,MASSERIA PARRELLA,S07,STAZIONE MONITORAGGIO ACQUE SUPERFICIALI,n.d.,015,CAMPANIA,062,BENEVENTO,062022,CEPPALONI,22/07/2025 10:50,2025,P_TOT,FOSFORO TOTALE,TestsMethods,900,µg/L,CONC - CONCENTRAZIONE
13917,RMASU_R,RETE DI MONITORAGGIO ACQUE SUPERFICIALI DELLA REGIONE CAMPANIA,R02,,,,,S7,MASSERIA PARRELLA,S07,STAZIONE MONITORAGGIO ACQUE SUPERFICIALI,n.d.,015,CAMPANIA,062,BENEVENTO,062022,CEPPALONI,22/07/2025 10:50,2025,IC164,AZOTO NITRICO (COME N),TestsMethods,2.55,mg/L,CONC - CONCENTRAZIONE
13918,RMASU_R,RETE DI MONITORAGGIO ACQUE SUPERFICIALI DELLA REGIONE CAMPANIA,R02,,,,,S7,MASSERIA PARRELLA,S07,STAZIONE MONITORAGGIO ACQUE SUPERFICIALI,n.d.,015,CAMPANIA,062,BENEVENTO,062022,CEPPALONI,22/07/2025 10:50,2025,IC26,PH,TestsMethods,n.d,unità pH,CONC - CONCENTRAZIONE
13920,RMASU_R,RETE DI MONITORAGGIO ACQUE SUPERFICIALI DELLA REGIONE CAMPANIA,R02,,,,,S7,MASSERIA PARRELLA,S07,STAZIONE MONITORAGGIO ACQUE SUPERFICIALI,n.d.,015,CAMPANIA,062,BENEVENTO,062022,CEPPALONI,22/07/2025 10:50,2025,MI32,TEMPERATURA,TestsMethods,25.4,°C,TEMP - TEMPERATURA
14219,RMASU_R,RETE DI MONITORAGGIO ACQUE SUPERFICIALI DELLA REGIONE CAMPANIA,R02,,,,,S7,MASSERIA PARRELLA,S07,STAZIONE MONITORAGGIO ACQUE SUPERFICIALI,n.d.,015,CAMPANIA,062,BENEVENTO,062022,CEPPALONI,23/06/2025 09:40,2025,IC26,PH,TestsMethods,7.3,unità pH,CONC - CONCENTRAZIONE
14220,RMASU_R,RETE DI MONITORAGGIO ACQUE SUPERFICIALI DELLA REGIONE CAMPANIA,R02,,,,,S7,MASSERIA PARRELLA,S07,STAZIONE MONITORAGGIO ACQUE SUPERFICIALI,n.d.,015,CAMPANIA,062,BENEVENTO,062022,CEPPALONI,23/06/2025 09:40,2025,MI32,TEMPERATURA,TestsMethods,22.5,°C,TEMP - TEMPERATURA
14399,RMASU_R,RETE DI MONITORAGGIO ACQUE SUPERFICIALI DELLA REGIONE CAMPANIA,R02,,,,,C9,MASSERIA DI GIOIA,S07,STAZIONE MONITORAGGIO ACQUE SUPERFICIALI,n.d.,015,CAMPANIA,062,BENEVENTO,062030,FOGLIANISE,23/07/2025 09:00,2025,P_TOT,FOSFORO TOTALE,TestsMethods,510,µg/L,CONC - CONCENTRAZIONE
14410,RMASU_R,RETE DI MONITORAGGIO ACQUE SUPERFICIALI DELLA REGIONE CAMPANIA,R02,,,,,C9,MASSERIA DI GIOIA,S07,STAZIONE MONITORAGGIO ACQUE SUPERFICIALI,n.d.,015,CAMPANIA,062,BENEVENTO,062030,FOGLIANISE,23/07/2025 09:00,2025,IC164,AZOTO NITRICO (COME N),TestsMethods,2.17,mg/L,CONC - CONCENTRAZIONE
14411,RMASU_R,RETE DI MONITORAGGIO ACQUE SUPERFICIALI DELLA REGIONE CAMPANIA,R02,,,,,C9,MASSERIA DI GIOIA,S07,STAZIONE MONITORAGGIO ACQUE SUPERFICIALI,n.d.,015,CAMPANIA,062,BENEVENTO,062030,FOGLIANISE,23/07/2025 09:00,2025,IC26,PH,TestsMethods,n.d.,unità pH,CONC - CONCENTRAZIONE
14413,RMASU_R,RETE DI MONITORAGGIO ACQUE SUPERFICIALI DELLA REGIONE CAMPANIA,R02,,,,,C9,MASSERIA DI GIOIA,S07,STAZIONE MONITORAGGIO ACQUE SUPERFICIALI,n.d.,015,CAMPANIA,062,BENEVENTO,062030,FOGLIANISE,23/07/2025 09:00,2025,MI32,TEMPERATURA,TestsMethods,25.7,°C,TEMP - TEMPERATURA
15225,RMASU_R,RETE DI MONITORAGGIO ACQUE SUPERFICIALI DELLA REGIONE CAMPANIA,R02,,,,,Se,Ponte Corvo,S07,STAZIONE MONITORAGGIO ACQUE SUPERFICIALI,n.d.,015,CAMPANIA,062,BENEVENTO,062008,BENEVENTO,25/06/2025 13:00,2025,P_TOT,FOSFORO TOTALE,TestsMethods,800,µg/L,CONC - CONCENTRAZIONE
15237,RMASU_R,RETE DI MONITORAGGIO ACQUE SUPERFICIALI DELLA REGIONE CAMPANIA,R02,,,,,Se,Ponte Corvo,S07,STAZIONE MONITORAGGIO ACQUE SUPERFICIALI,n.d.,015,CAMPANIA,062,BENEVENTO,062008,BENEVENTO,25/06/2025 13:00,2025,IC164,AZOTO NITRICO (COME N),TestsMethods,1.47,mg/L,CONC - CONCENTRAZIONE
15238,RMASU_R,RETE DI MONITORAGGIO ACQUE SUPERFICIALI DELLA REGIONE CAMPANIA,R02,,,,,Se,Ponte Corvo,S07,STAZIONE MONITORAGGIO ACQUE SUPERFICIALI,n.d.,015,CAMPANIA,062,BENEVENTO,062008,BENEVENTO,25/06/2025 13:00,2025,IC26,PH,TestsMethods,8.5,unità pH,CONC - CONCENTRAZIONE
15240,RMASU_R,RETE DI MONITORAGGIO ACQUE SUPERFICIALI DELLA REGIONE CAMPANIA,R02,,,,,Se,Ponte Corvo,S07,STAZIONE MONITORAGGIO ACQUE SUPERFICIALI,n.d.,015,CAMPANIA,062,BENEVENTO,062008,BENEVENTO,25/06/2025 13:00,2025,MI32,TEMPERATURA,TestsMethods,23.5,°C,TEMP - TEMPERATURA
15497,RMASU_R,RETE DI MONITORAGGIO ACQUE SUPERFICIALI DELLA REGIONE CAMPANIA,R02,,,,,S7,MASSERIA PARRELLA,S07,STAZIONE MONITORAGGIO ACQUE SUPERFICIALI,n.d.,015,CAMPANIA,062,BENEVENTO,062022,CEPPALONI,26/05/2025 09:30,2025,P_TOT,FOSFORO TOTALE,TestsMethods,480,µg/L,CONC - CONCENTRAZIONE
15507,RMASU_R,RETE DI MONITORAGGIO ACQUE SUPERFICIALI DELLA REGIONE CAMPANIA,R02,,,,,S7,MASSERIA PARRELLA,S07,STAZIONE MONITORAGGIO ACQUE SUPERFICIALI,n.d.,015,CAMPANIA,062,BENEVENTO,062022,CEPPALONI,26/05/2025 09:30,2025,IC164,AZOTO NITRICO (COME N),TestsMethods,2.37,mg/L,CONC - CONCENTRAZIONE
15508,RMASU_R,RETE DI MONITORAGGIO ACQUE SUPERFICIALI DELLA REGIONE CAMPANIA,R02,,,,,S7,MASSERIA PARRELLA,S07,STAZIONE MONITORAGGIO ACQUE SUPERFICIALI,n.d.,015,CAMPANIA,062,BENEVENTO,062022,CEPPALONI,26/05/2025 09:30,2025,IC26,PH,TestsMethods,7.5,unità pH,CONC - CONCENTRAZIONE
15510,RMASU_R,RETE DI MONITORAGGIO ACQUE SUPERFICIALI DELLA REGIONE CAMPANIA,R02,,,,,S7,MASSERIA PARRELLA,S07,STAZIONE MONITORAGGIO ACQUE SUPERFICIALI,n.d.,015,CAMPANIA,062,BENEVENTO,062022,CEPPALONI,26/05/2025 09:30,2025,MI32,TEMPERATURA,TestsMethods,17.1,°C,TEMP - TEMPERATURA
15712,RMASU_R,RETE DI MONITORAGGIO ACQUE SUPERFICIALI DELLA REGIONE CAMPANIA,R02,,,,,S7,MASSERIA PARRELLA,S07,STAZIONE MONITORAGGIO ACQUE SUPERFICIALI,n.d.,015,CAMPANIA,062,BENEVENTO,062022,CEPPALONI,26/08/2025 11:20,2025,MI32,TEMPERATURA,TestsMethods,22.6,°C,TEMP - TEMPERATURA
15874,RMASU_R,RETE DI MONITORAGGIO ACQUE SUPERFICIALI DELLA REGIONE CAMPANIA,R02,,,,,C9,MASSERIA DI GIOIA,S07,STAZIONE MONITORAGGIO ACQUE SUPERFICIALI,n.d.,015,CAMPANIA,062,BENEVENTO,062030,FOGLIANISE,27/05/2025 10:45,2025,P_TOT,FOSFORO TOTALE,TestsMethods,290,µg/L,CONC - CONCENTRAZIONE
15884,RMASU_R,RETE DI MONITORAGGIO ACQUE SUPERFICIALI DELLA REGIONE CAMPANIA,R02,,,,,C9,MASSERIA DI GIOIA,S07,STAZIONE MONITORAGGIO ACQUE SUPERFICIALI,n.d.,015,CAMPANIA,062,BENEVENTO,062030,FOGLIANISE,27/05/2025 10:45,2025,IC164,AZOTO NITRICO (COME N),TestsMethods,1.24,mg/L,CONC - CONCENTRAZIONE
15885,RMASU_R,RETE DI MONITORAGGIO ACQUE SUPERFICIALI DELLA REGIONE CAMPANIA,R02,,,,,C9,MASSERIA DI GIOIA,S07,STAZIONE MONITORAGGIO ACQUE SUPERFICIALI,n.d.,015,CAMPANIA,062,BENEVENTO,062030,FOGLIANISE,27/05/2025 10:45,2025,IC26,PH,TestsMethods,8.78,unità pH,CONC - CONCENTRAZIONE
15887,RMASU_R,RETE DI MONITORAGGIO ACQUE SUPERFICIALI DELLA REGIONE CAMPANIA,R02,,,,,C9,MASSERIA DI GIOIA,S07,STAZIONE MONITORAGGIO ACQUE SUPERFICIALI,n.d.,015,CAMPANIA,062,BENEVENTO,062030,FOGLIANISE,27/05/2025 10:45,2025,MI32,TEMPERATURA,TestsMethods,19.6,°C,TEMP - TEMPERATURA
15907,RMASU_R,RETE DI MONITORAGGIO ACQUE SUPERFICIALI DELLA REGIONE CAMPANIA,R02,,,,,Ta3,P.TE VALENTINO,S07,STAZIONE MONITORAGGIO ACQUE SUPERFICIALI,n.d.,015,CAMPANIA,062,BENEVENTO,062008,BENEVENTO,27/05/2025 11:30,2025,P_TOT,FOSFORO TOTALE,TestsMethods,<10,µg/L,CONC - CONCENTRAZIONE
15918,RMASU_R,RETE DI MONITORAGGIO ACQUE SUPERFICIALI DELLA REGIONE CAMPANIA,R02,,,,,Ta3,P.TE VALENTINO,S07,STAZIONE MONITORAGGIO ACQUE SUPERFICIALI,n.d.,015,CAMPANIA,062,BENEVENTO,062008,BENEVENTO,27/05/2025 11:30,2025,IC164,AZOTO NITRICO (COME N),TestsMethods,0.47,mg/L,CONC - CONCENTRAZIONE
15919,RMASU_R,RETE DI MONITORAGGIO ACQUE SUPERFICIALI DELLA REGIONE CAMPANIA,R02,,,,,Ta3,P.TE VALENTINO,S07,STAZIONE MONITORAGGIO ACQUE SUPERFICIALI,n.d.,015,CAMPANIA,062,BENEVENTO,062008,BENEVENTO,27/05/2025 11:30,2025,IC26,PH,TestsMethods,8.9,unità pH,CONC - CONCENTRAZIONE
15921,RMASU_R,RETE DI MONITORAGGIO ACQUE SUPERFICIALI DELLA REGIONE CAMPANIA,R02,,,,,Ta3,P.TE VALENTINO,S07,STAZIONE MONITORAGGIO ACQUE SUPERFICIALI,n.d.,015,CAMPANIA,062,BENEVENTO,062008,BENEVENTO,27/05/2025 11:30,2025,MI32,TEMPERATURA,TestsMethods,19.3,°C,TEMP - TEMPERATURA
16668,RMASU_R,RETE DI MONITORAGGIO ACQUE SUPERFICIALI DELLA REGIONE CAMPANIA,R02,,,,,Sn,Masseria Lepore (Deposito AMIU),S07,STAZIONE MONITORAGGIO ACQUE SUPERFICIALI,n.d.,015,CAMPANIA,062,BENEVENTO,062008,BENEVENTO,29/07/2025 09:30,2025,P_TOT,FOSFORO TOTALE,TestsMethods,1010,µg/L,CONC - CONCENTRAZIONE
16679,RMASU_R,RETE DI MONITORAGGIO ACQUE SUPERFICIALI DELLA REGIONE CAMPANIA,R02,,,,,Sn,Masseria Lepore (Deposito AMIU),S07,STAZIONE MONITORAGGIO ACQUE SUPERFICIALI,n.d.,015,CAMPANIA,062,BENEVENTO,062008,BENEVENTO,29/07/2025 09:30,2025,IC164,AZOTO NITRICO (COME N),TestsMethods,2.78,mg/L,CONC - CONCENTRAZIONE
16680,RMASU_R,RETE DI MONITORAGGIO ACQUE SUPERFICIALI DELLA REGIONE CAMPANIA,R02,,,,,Sn,Masseria Lepore (Deposito AMIU),S07,STAZIONE MONITORAGGIO ACQUE SUPERFICIALI,n.d.,015,CAMPANIA,062,BENEVENTO,062008,BENEVENTO,29/07/2025 09:30,2025,IC26,PH,TestsMethods,N.D.,unità pH,CONC - CONCENTRAZIONE
16682,RMASU_R,RETE DI MONITORAGGIO ACQUE SUPERFICIALI DELLA REGIONE CAMPANIA,R02,,,,,Sn,Masseria Lepore (Deposito AMIU),S07,STAZIONE MONITORAGGIO ACQUE SUPERFICIALI,n.d.,015,CAMPANIA,062,BENEVENTO,062008,BENEVENTO,29/07/2025 09:30,2025,MI32,TEMPERATURA,TestsMethods,19.7,°C,TEMP - TEMPERATURA
16836,RMASU_R,RETE DI MONITORAGGIO ACQUE SUPERFICIALI DELLA REGIONE CAMPANIA,R02,,,,,C9,MASSERIA DI GIOIA,S07,STAZIONE MONITORAGGIO ACQUE SUPERFICIALI,n.d.,015,CAMPANIA,062,BENEVENTO,062030,FOGLIANISE,29/10/2025 09:30,2025,P_TOT,FOSFORO TOTALE,TestsMethods,400,µg/L,CONC - CONCENTRAZIONE
16847,RMASU_R,RETE DI MONITORAGGIO ACQUE SUPERFICIALI DELLA REGIONE CAMPANIA,R02,,,,,C9,MASSERIA DI GIOIA,S07,STAZIONE MONITORAGGIO ACQUE SUPERFICIALI,n.d.,015,CAMPANIA,062,BENEVENTO,062030,FOGLIANISE,29/10/2025 09:30,2025,IC164,AZOTO NITRICO (COME N),TestsMethods,2.7,mg/L,CONC - CONCENTRAZIONE
16848,RMASU_R,RETE DI MONITORAGGIO ACQUE SUPERFICIALI DELLA REGIONE CAMPANIA,R02,,,,,C9,MASSERIA DI GIOIA,S07,STAZIONE MONITORAGGIO ACQUE SUPERFICIALI,n.d.,015,CAMPANIA,062,BENEVENTO,062030,FOGLIANISE,29/10/2025 09:30,2025,IC26,PH,TestsMethods,n.d.,unità pH,CONC - CONCENTRAZIONE
16850,RMASU_R,RETE DI MONITORAGGIO ACQUE SUPERFICIALI DELLA REGIONE CAMPANIA,R02,,,,,C9,MASSERIA DI GIOIA,S07,STAZIONE MONITORAGGIO ACQUE SUPERFICIALI,n.d.,015,CAMPANIA,062,BENEVENTO,062030,FOGLIANISE,29/10/2025 09:30,2025,MI32,TEMPERATURA,TestsMethods,14.5,°C,TEMP - TEMPERATURA
24,RMASU_R,RETE DI MONITORAGGIO ACQUE SUPERFICIALI DELLA REGIONE CAMPANIA,R02,,,,,C9,MASSERIA DI GIOIA,S07,STAZIONE MONITORAGGIO ACQUE SUPERFICIALI,n.d.,015,CAMPANIA,062,BENEVENTO,062030,FOGLIANISE,14/01/2026 09:45,2026,MI32,TEMPERATURA,TestsMethods,5.4,°C,TEMP - TEMPERATURA
49,RMASU_R,RETE DI MONITORAGGIO ACQUE SUPERFICIALI DELLA REGIONE CAMPANIA,R02,,,,,Sn,Masseria Lepore (Deposito AMIU),S07,STAZIONE MONITORAGGIO ACQUE SUPERFICIALI,n.d.,015,CAMPANIA,062,BENEVENTO,062008,BENEVENTO,14/01/2026 10:10,2026,MI32,TEMPERATURA,TestsMethods,7.4,°C,TEMP - TEMPERATURA
79,RMASU_R,RETE DI MONITORAGGIO ACQUE SUPERFICIALI DELLA REGIONE CAMPANIA,R02,,,,,S7,MASSERIA PARRELLA,S07,STAZIONE MONITORAGGIO ACQUE SUPERFICIALI,n.d.,015,CAMPANIA,062,BENEVENTO,062022,CEPPALONI,14/01/2026 10:40,2026,MI32,TEMPERATURA,TestsMethods,8,°C,TEMP - TEMPERATURA
